-- phpMyAdmin SQL Dump
-- version 4.7.1
-- https://www.phpmyadmin.net/
--
-- Host: mysql2.clusterdb.net
-- Generation Time: Dec 31, 2017 at 04:22 PM
-- Server version: 10.1.24-MariaDB
-- PHP Version: 7.0.20

SET SQL_MODE = "NO_AUTO_VALUE_ON_ZERO";
SET AUTOCOMMIT = 0;
START TRANSACTION;
SET time_zone = "+00:00";

--
-- Database: `CACAd-i88-u-107153`
--

-- --------------------------------------------------------

--
-- Table structure for table `login`
--

CREATE TABLE `login` (
  `id` int(10) NOT NULL,
  `username` varchar(255) NOT NULL,
  `password` varchar(255) NOT NULL
) ENGINE=InnoDB DEFAULT CHARSET=latin1;

--
-- Dumping data for table `login`
--

INSERT INTO `login` (`id`, `username`, `password`) VALUES
(1, 'club_stat', 'REpERLIgHtFU'),
(2, 'admin', 'PidgepIrETeM');

-- --------------------------------------------------------

--
-- Table structure for table `tblopenchampionship`
--

CREATE TABLE `tblopenchampionship` (
  `openChampionshipID` int(4) NOT NULL,
  `raceID` int(4) NOT NULL,
  `runnerID` int(4) NOT NULL,
  `raceTime` time DEFAULT NULL,
  `WMAPercentScore` float NOT NULL,
  `WMAAdjustedTime` time DEFAULT NULL,
  `openChampionshipDivRaceRank` int(3) DEFAULT NULL,
  `openChampionshipDivCategoryRank` int(3) DEFAULT NULL,
  `openChampionshipPoints` int(3) DEFAULT NULL,
  `openChampionshipARRaceRank` int(3) DEFAULT NULL,
  `openChampionshipARCategoryRank` int(3) NOT NULL,
  `openChampionshipARPoints` int(3) NOT NULL,
  `openChampionshipWomenRaceRank` int(3) NOT NULL,
  `openChampionshipWomenCategoryRank` int(3) NOT NULL,
  `openChampionshipWomenPoints` int(3) NOT NULL
) ENGINE=InnoDB DEFAULT CHARSET=latin1;

--
-- Dumping data for table `tblopenchampionship`
--

INSERT INTO `tblopenchampionship` (`openChampionshipID`, `raceID`, `runnerID`, `raceTime`, `WMAPercentScore`, `WMAAdjustedTime`, `openChampionshipDivRaceRank`, `openChampionshipDivCategoryRank`, `openChampionshipPoints`, `openChampionshipARRaceRank`, `openChampionshipARCategoryRank`, `openChampionshipARPoints`, `openChampionshipWomenRaceRank`, `openChampionshipWomenCategoryRank`, `openChampionshipWomenPoints`) VALUES
(14, 13, 2, '01:03:54', 0, '00:00:00', 1, 1, 600, 7, 4, 479, 0, 1, 492),
(15, 13, 116, '01:04:00', 0.731694, '01:00:08', 2, 2, 596, 2, 2, 596, 0, 1, 0),
(16, 13, 6, '01:07:03', 0.715936, '01:01:27', 4, 1, 576, 3, 1, 582, 0, 1, 492),
(17, 13, 14, '01:07:42', 0.654112, '01:07:16', 5, 1, 96, 7, 1, 94, 0, 1, 571),
(18, 13, 22, '01:08:55', 0.647452, '01:07:57', 6, 1, 384, 7, 1, 380, 0, 1, 478),
(19, 13, 20, '01:09:58', 0.637735, '01:08:59', 7, 2, 575, 9, 4, 574, 0, 1, 178),
(20, 13, 25, '01:10:21', 0.660308, '01:06:38', 8, 1, 280, 6, 1, 287, 0, 1, 262),
(21, 13, 31, '01:10:35', 0, '00:00:00', 9, 1, 276, 19, 1, 252, 0, 1, 179),
(22, 13, 18, '01:10:54', 0.712915, '01:01:43', 10, 2, 563, 4, 2, 593, 0, 1, 366),
(23, 13, 24, '01:10:54', 0.694563, '01:03:20', 10, 3, 562, 5, 2, 583, 0, 1, 94),
(25, 13, 40, '01:12:12', 0.692872, '01:11:13', 12, 1, 359, 1, 1, 391, 1, 1, 399),
(26, 13, 8, '01:12:12', 0.633162, '01:09:29', 12, 2, 454, 10, 2, 461, 0, 1, 344),
(27, 13, 37, '01:13:44', 0.68464, '01:12:04', 14, 1, 170, 2, 1, 194, 2, 1, 197),
(28, 13, 10, '01:13:54', 0.735787, '00:59:47', 15, 3, 556, 1, 1, 600, 0, 1, 190),
(29, 13, 65, '01:14:04', 0.672954, '01:13:20', 1, 1, 494, 9, 1, 441, 3, 2, 492),
(30, 13, 12, '01:17:28', 0.64114, '01:08:37', 16, 4, 546, 8, 3, 573, 0, 1, 89),
(31, 13, 88, '01:21:23', 0.626551, '01:10:13', 2, 1, 389, 11, 1, 363, 0, 1, 164),
(32, 13, 66, '01:25:32', 0.606984, '01:12:29', 3, 1, 585, 12, 4, 561, 0, 1, 531),
(33, 13, 74, '01:25:37', 0.592767, '01:23:15', 4, 1, 189, 4, 1, 194, 4, 1, 190),
(34, 13, 110, '01:29:23', 0.541602, '01:21:14', 5, 2, 574, 13, 2, 539, 0, 1, 87),
(35, 13, 127, '01:31:37', 0.548364, '01:29:59', 1, 1, 600, 8, 4, 586, 5, 3, 581),
(36, 13, 109, '01:32:12', 0.56147, '01:27:53', 2, 2, 588, 6, 2, 579, 6, 2, 573),
(37, 13, 124, '01:34:38', 0.473813, '01:32:51', 3, 2, 572, 14, 2, 534, 0, 1, 0),
(38, 13, 113, '01:35:16', 0.56894, '01:26:44', 4, 2, 488, 5, 2, 480, 7, 1, 460),
(39, 13, 67, '01:35:55', 0.548634, '01:29:57', 6, 1, 557, 7, 1, 561, 8, 1, 552),
(40, 13, 80, '01:36:13', 0.662411, '01:14:30', 7, 2, 580, 3, 4, 597, 9, 4, 574),
(41, 13, 134, '01:39:32', 0.520103, '01:34:53', 5, 1, 377, 9, 1, 372, 10, 1, 363),
(42, 13, 136, '01:39:56', 0.507846, '01:37:10', 6, 1, 572, 11, 1, 550, 11, 1, 543),
(43, 13, 86, '01:42:21', 0.5098, '01:36:48', 8, 1, 93, 10, 1, 91, 12, 1, 89),
(44, 13, 174, '02:04:46', 0.42563, '01:55:56', 7, 2, 552, 13, 3, 553, 13, 3, 531),
(45, 13, 68, '02:04:47', 0.449773, '01:49:43', 9, 1, 451, 12, 2, 461, 14, 1, 436),
(46, 19, 2, '01:23:29', 0, '00:00:00', 1, 3, 600, 2, 1, 479, 0, 3, 492),
(47, 19, 22, '01:30:25', 0.653425, '01:29:20', 2, 2, 384, 3, 1, 380, 0, 1, 478),
(48, 19, 20, '01:32:27', 0.639053, '01:31:21', 3, 1, 575, 5, 2, 574, 0, 3, 178),
(49, 19, 28, '01:33:24', 0.674096, '01:26:36', 4, 1, 188, 2, 1, 192, 0, 1, 180),
(50, 19, 8, '01:36:31', 0.626324, '01:33:12', 5, 1, 454, 6, 1, 461, 0, 1, 344),
(51, 19, 65, '01:38:52', 0.666068, '01:37:53', 1, 1, 494, 4, 1, 441, 1, 1, 87),
(52, 19, 9, '01:40:56', 0.713588, '01:21:48', 6, 2, 366, 1, 1, 393, 0, 1, 383),
(53, 19, 12, '01:42:20', 0.64219, '01:30:54', 7, 1, 546, 4, 1, 573, 0, 2, 89),
(54, 19, 1, '01:42:37', 0, '00:00:00', 8, 1, 528, 11, 2, 220, 0, 1, 400),
(55, 19, 66, '01:56:38', 0.589254, '01:39:04', 2, 1, 585, 7, 2, 561, 0, 3, 531),
(56, 19, 133, '01:57:53', 0.516761, '01:52:58', 1, 1, 596, 9, 1, 529, 0, 1, 0),
(57, 19, 19, '01:58:05', 0.667819, '01:37:37', 9, 1, 358, 1, 1, 396, 2, 1, 384),
(58, 19, 109, '02:01:49', 0.56145, '01:56:07', 2, 1, 588, 2, 1, 579, 3, 1, 197),
(59, 19, 83, '02:03:16', 0.557545, '01:44:42', 3, 2, 589, 8, 1, 562, 0, 1, 485),
(60, 19, 67, '02:11:10', 0.530046, '02:03:00', 4, 1, 557, 3, 1, 561, 4, 1, 353),
(61, 19, 124, '02:18:08', 0.429663, '02:15:52', 3, 1, 572, 10, 2, 534, 0, 1, 0),
(62, 19, 136, '02:18:15', 0.484995, '02:14:26', 4, 1, 572, 5, 1, 550, 5, 1, 0),
(63, 19, 145, '02:20:24', 0.504714, '02:09:10', 5, 1, 371, 4, 1, 380, 6, 1, 369),
(64, 20, 2, '01:30:15', 0, '00:00:00', 1, 2, 600, 7, 3, 479, 0, 2, 492),
(65, 20, 116, '01:34:24', 0.693443, '01:29:00', 2, 3, 596, 2, 1, 596, 0, 3, 0),
(66, 20, 5, '01:36:36', 0, '00:00:00', 3, 1, 572, 2, 2, 394, 1, 1, 599),
(67, 20, 18, '01:37:48', 0.723018, '01:25:21', 4, 1, 563, 1, 1, 593, 0, 1, 366),
(68, 20, 6, '01:38:04', 0.68443, '01:30:10', 5, 2, 576, 4, 1, 582, 0, 1, 492),
(69, 20, 20, '01:38:08', 0.636416, '01:36:58', 6, 3, 575, 5, 3, 574, 0, 2, 178),
(70, 20, 8, '01:48:22', 0.589684, '01:44:39', 7, 2, 454, 7, 2, 461, 0, 2, 344),
(72, 20, 9, '01:49:50', 0.693205, '01:29:01', 9, 3, 366, 3, 2, 393, 0, 2, 383),
(73, 20, 69, '01:55:46', 0.556253, '01:50:57', 1, 1, 600, 9, 2, 562, 0, 1, 86),
(74, 20, 83, '02:06:40', 0.573557, '01:47:36', 2, 1, 589, 8, 2, 562, 0, 2, 485),
(75, 20, 80, '02:07:57', 0.694828, '01:38:58', 3, 1, 580, 1, 1, 597, 2, 1, 577),
(76, 20, 127, '02:09:44', 0.539668, '02:07:25', 1, 2, 600, 2, 1, 586, 3, 1, 581),
(77, 20, 109, '02:26:57', 0.490935, '02:20:04', 2, 2, 588, 3, 2, 579, 4, 2, 197),
(78, 20, 124, '02:37:17', 0.398894, '02:34:43', 3, 2, 572, 10, 3, 534, 0, 2, 0),
(79, 20, 174, '03:22:18', 0.365903, '03:07:56', 4, 1, 552, 4, 1, 553, 5, 1, 539),
(81, 20, 12, '01:49:37', 0.633749, '01:37:23', 8, 2, 546, 6, 2, 573, 0, 1, 89),
(82, 24, 22, '03:04:59', 0.672591, '03:02:48', 1, 1, 384, 4, 2, 380, 0, 2, 478),
(84, 24, 24, '03:30:41', 0.651241, '03:08:47', 6, 2, 562, 6, 2, 583, 0, 1, 94),
(85, 24, 40, '03:34:55', 0.636904, '03:32:37', 7, 1, 359, 5, 1, 391, 1, 1, 280),
(86, 24, 65, '03:39:31', 0.621485, '03:37:53', 1, 2, 494, 12, 2, 441, 2, 2, 87),
(87, 24, 8, '03:42:24', 0.572409, '03:34:47', 9, 3, 454, 9, 3, 461, 0, 3, 344),
(89, 24, 10, '03:27:51', 0.729746, '02:48:28', 4, 1, 556, 1, 2, 600, 0, 3, 190),
(90, 24, 11, '03:52:12', 0.768771, '02:56:08', 11, 4, 535, 1, 1, 600, 3, 3, 589),
(91, 14, 2, '01:02:22', 0, '00:00:00', 1, 3, 600, 5, 2, 479, 0, 3, 492),
(92, 14, 116, '01:04:55', 0.721362, '01:00:59', 2, 4, 596, 3, 5, 596, 0, 6, 0),
(93, 14, 6, '01:09:51', 0.687237, '01:04:01', 5, 2, 576, 4, 2, 582, 0, 2, 492),
(94, 14, 5, '01:07:57', 0, '00:00:00', 3, 1, 572, 3, 2, 394, 1, 1, 399),
(95, 14, 10, '01:14:19', 0.731662, '01:00:08', 6, 1, 556, 2, 3, 600, 0, 3, 190),
(96, 14, 4, '01:08:18', 0.753294, '00:58:24', 4, 1, 581, 1, 1, 597, 0, 1, 197),
(97, 14, 47, '01:15:28', 0.663902, '01:06:16', 7, 2, 563, 5, 3, 585, 0, 1, 167),
(98, 14, 109, '01:34:47', 0.546167, '01:30:21', 1, 1, 588, 1, 1, 579, 3, 1, 197),
(99, 14, 124, '01:37:13', 0.461222, '01:35:23', 2, 1, 572, 6, 1, 534, 0, 2, 0),
(100, 14, 174, '02:29:45', 0.354621, '02:19:09', 4, 1, 552, 3, 1, 553, 5, 1, 0),
(101, 14, 148, '01:49:41', 0.517877, '01:35:17', 3, 1, 558, 2, 1, 569, 4, 1, 543),
(103, 7, 2, '00:31:47', 0, '00:00:00', 1, 3, 600, 9, 3, 479, 0, 3, 492),
(104, 7, 35, '00:32:55', 0, '00:00:00', 3, 2, 492, 11, 3, 185, 0, 1, 269),
(105, 7, 116, '00:33:35', 0.724816, '00:31:14', 5, 4, 596, 3, 4, 596, 0, 3, 0),
(106, 7, 5, '00:34:12', 0, '00:00:00', 6, 2, 572, 2, 1, 394, 1, 1, 399),
(107, 7, 20, '00:34:45', 0.665848, '00:34:01', 7, 3, 575, 6, 5, 574, 0, 5, 178),
(108, 7, 32, '00:35:00', 0.729833, '00:31:02', 8, 1, 93, 2, 1, 99, 0, 1, 444),
(109, 7, 25, '00:35:21', 0.683233, '00:33:09', 9, 2, 280, 5, 1, 287, 0, 1, 262),
(110, 7, 22, '00:35:46', 0.646921, '00:35:00', 11, 1, 384, 10, 1, 380, 0, 1, 478),
(111, 7, 7, '00:35:59', 0, '00:00:00', 13, 3, 565, 19, 2, 261, 0, 1, 459),
(112, 7, 47, '00:37:40', 0.689517, '00:32:50', 14, 3, 563, 4, 2, 585, 0, 3, 167),
(113, 7, 39, '00:37:42', 0.617341, '00:36:41', 15, 3, 480, 12, 3, 477, 0, 1, 355),
(114, 7, 69, '00:38:06', 0.629021, '00:36:00', 1, 2, 600, 11, 4, 562, 0, 4, 86),
(115, 7, 10, '00:38:11', 0.735512, '00:30:47', 16, 3, 556, 1, 3, 600, 0, 3, 190),
(116, 7, 12, '00:38:57', 0.661188, '00:34:15', 17, 2, 546, 9, 2, 573, 0, 3, 89),
(117, 7, 88, '00:39:47', 0.663946, '00:34:06', 2, 1, 389, 8, 1, 363, 0, 1, 164),
(118, 7, 83, '00:40:22', 0.665607, '00:34:01', 3, 2, 589, 7, 2, 562, 0, 1, 485),
(119, 7, 180, '00:40:54', 0, '00:00:00', 4, 2, 297, 36, 2, 147, 0, 1, 0),
(120, 7, 110, '00:41:24', 0.606946, '00:37:19', 5, 1, 574, 13, 2, 539, 0, 1, 87),
(121, 7, 11, '00:41:46', 0.795918, '00:32:18', 18, 2, 535, 1, 1, 600, 4, 2, 590),
(122, 7, 89, '00:42:17', 0.544382, '00:41:36', 6, 1, 189, 18, 1, 167, 0, 1, 93),
(123, 7, 119, '00:44:10', 0.59585, '00:43:09', 8, 1, 365, 3, 1, 375, 6, 1, 368),
(124, 7, 74, '00:44:21', 0.593386, '00:43:20', 9, 1, 189, 4, 1, 194, 8, 1, 80),
(125, 7, 72, '00:44:24', 0.58495, '00:38:43', 10, 2, 568, 15, 2, 541, 0, 1, 160),
(126, 7, 127, '00:45:04', 0.578562, '00:44:26', 1, 1, 600, 7, 3, 586, 9, 3, 0),
(127, 7, 84, '00:45:08', 0.590269, '00:38:22', 11, 1, 90, 14, 1, 87, 0, 1, 174),
(128, 7, 149, '00:47:14', 0.571912, '00:44:57', 4, 5, 495, 8, 4, 493, 10, 4, 280),
(129, 7, 113, '00:47:38', 0.588306, '00:43:42', 5, 1, 488, 5, 1, 480, 11, 1, 0),
(130, 7, 134, '00:48:15', 0.555659, '00:46:16', 6, 2, 377, 9, 2, 372, 12, 2, 0),
(131, 7, 144, '00:48:42', 0.499831, '00:45:18', 7, 1, 94, 19, 1, 82, 0, 1, 0),
(132, 7, 146, '00:49:54', 0.52057, '00:49:24', 8, 3, 294, 14, 2, 281, 13, 3, 180),
(133, 7, 173, '00:49:57', 0.53308, '00:48:14', 9, 1, 92, 11, 1, 90, 14, 1, 87),
(134, 7, 64, '00:49:57', 0.491176, '00:46:06', 12, 1, 89, 20, 1, 81, 0, 1, 78),
(135, 7, 135, '00:50:31', 0.520951, '00:49:21', 10, 2, 184, 13, 2, 180, 15, 2, 179),
(136, 7, 124, '00:50:36', 0.459955, '00:49:14', 11, 1, 572, 21, 3, 534, 0, 1, 0),
(137, 7, 109, '00:51:48', 0.517578, '00:49:41', 12, 5, 588, 15, 4, 579, 16, 5, 197),
(138, 7, 161, '00:52:57', 0.436982, '00:51:49', 13, 1, 273, 22, 1, 253, 0, 1, 0),
(139, 7, 68, '00:53:09', 0.545491, '00:47:08', 13, 2, 451, 10, 2, 461, 17, 2, 171),
(140, 7, 136, '00:53:10', 0.494985, '00:51:57', 14, 4, 572, 17, 3, 550, 18, 4, 0),
(141, 7, 145, '00:53:12', 0.52135, '00:49:19', 15, 3, 371, 12, 3, 380, 19, 3, 0),
(142, 7, 182, '00:53:42', 0.485547, '00:52:57', 16, 2, 174, 18, 2, 174, 20, 2, 171),
(143, 7, 175, '00:54:29', 0.504284, '00:50:59', 17, 6, 542, 16, 5, 547, 21, 5, 0),
(144, 7, 167, '01:00:26', 0, '00:00:00', 19, 1, 82, 52, 1, 49, 23, 1, 78),
(145, 7, 174, '01:03:35', 0.432111, '00:59:30', 20, 3, 552, 19, 2, 553, 24, 2, 0),
(150, 24, 31, '03:39:10', 0, '00:00:00', 8, 1, 276, 16, 1, 252, 0, 1, 179),
(151, 24, 19, '04:05:31', 0.668879, '03:22:27', 13, 2, 358, 3, 2, 396, 5, 2, 276),
(153, 24, 1, '03:55:52', 0, '00:00:00', 12, 3, 528, 17, 3, 220, 0, 2, 400),
(154, 24, 6, '03:25:10', 0.651733, '03:08:39', 3, 1, 576, 5, 2, 582, 0, 2, 492),
(155, 24, 66, '04:04:37', 0.591669, '03:27:48', 3, 2, 585, 7, 3, 561, 0, 2, 531),
(156, 21, 2, '01:28:31', 0, '00:00:00', 1, 1, 600, 6, 2, 479, 0, 1, 492),
(157, 21, 116, '01:28:46', 0.697621, '01:23:41', 2, 2, 596, 3, 3, 596, 0, 2, 0),
(158, 21, 35, '01:30:49', 0, '00:00:00', 3, 1, 492, 7, 1, 185, 0, 1, 269),
(159, 21, 18, '01:34:50', 0.705364, '01:22:46', 4, 2, 563, 1, 2, 593, 0, 2, 366),
(160, 21, 7, '01:36:24', 0, '00:00:00', 5, 2, 565, 8, 2, 261, 0, 1, 459),
(161, 21, 47, '01:38:59', 0.669805, '01:27:09', 7, 3, 563, 4, 2, 585, 0, 3, 167),
(162, 21, 10, '01:42:30', 0.702681, '01:23:05', 8, 4, 556, 2, 4, 600, 0, 2, 190),
(164, 21, 11, '01:56:31', 0.732622, '01:28:59', 9, 2, 535, 1, 2, 600, 1, 1, 572),
(165, 21, 127, '02:02:41', 0.541026, '02:00:30', 1, 1, 600, 2, 2, 586, 3, 2, 0),
(167, 21, 109, '02:23:07', 0.47789, '02:16:25', 2, 3, 588, 3, 3, 579, 4, 3, 197),
(168, 21, 124, '02:23:29', 0.413642, '02:21:08', 3, 3, 572, 7, 1, 534, 0, 3, 0),
(169, 21, 175, '02:28:38', 0.472036, '02:18:07', 4, 1, 542, 4, 1, 547, 5, 1, 529),
(170, 21, 174, '02:55:51', 0.398978, '02:43:25', 5, 2, 552, 5, 2, 553, 6, 2, 0),
(171, 21, 210, '03:30:58', 0.326764, '03:19:31', 6, 1, 517, 6, 1, 528, 7, 1, 510),
(172, 21, 72, '02:06:44', 0.523142, '01:51:36', 3, 1, 568, 6, 1, 541, 0, 1, 160),
(174, 24, 4, '03:16:34', 0.729687, '02:48:29', 2, 1, 581, 2, 1, 597, 0, 1, 197),
(175, 24, 70, '03:56:39', 0.712962, '03:09:56', 2, 1, 385, 2, 1, 398, 4, 1, 386),
(176, 24, 128, '05:38:12', 0.505816, '04:27:43', 1, 1, 100, 7, 1, 94, 8, 1, 93),
(177, 24, 9, '03:30:05', 0.721989, '02:50:17', 5, 1, 366, 3, 3, 393, 0, 3, 383),
(178, 24, 80, '04:25:05', 0.663781, '03:24:00', 4, 2, 580, 4, 3, 597, 6, 3, 96),
(183, 24, 28, '03:49:00', 0.578992, '03:32:21', 10, 2, 188, 8, 2, 192, 0, 2, 180),
(184, 7, 258, '00:47:08', 0.580096, '00:39:02', 2, 1, 99, 16, 1, 85, 0, 1, 0),
(185, 8, 116, '00:25:20', 0.671074, '00:23:23', 1, 1, 596, 1, 2, 596, 0, 2, 0),
(186, 8, 204, '00:25:58', 0, '00:00:00', 2, 4, 599, 7, 3, 0, 0, 1, 0),
(187, 8, 35, '00:26:56', 0, '00:00:00', 3, 3, 492, 10, 2, 185, 0, 2, 269),
(188, 8, 5, '00:27:42', 0, '00:00:00', 4, 1, 572, 3, 2, 394, 1, 2, 399),
(189, 8, 18, '00:28:03', 0.649849, '00:24:09', 5, 1, 563, 2, 1, 593, 0, 1, 366),
(190, 8, 205, '00:28:11', 0, '00:00:00', 6, 1, 284, 4, 2, 97, 2, 2, 299),
(191, 8, 20, '00:28:41', 0.563471, '00:27:51', 7, 2, 575, 6, 4, 574, 0, 4, 178),
(192, 8, 7, '00:28:48', 0, '00:00:00', 8, 1, 565, 15, 1, 261, 0, 2, 459),
(193, 8, 206, '00:29:00', 0, '00:00:00', 9, 3, 286, 5, 3, 0, 3, 4, 197),
(194, 8, 31, '00:29:20', 0, '00:00:00', 10, 1, 276, 16, 1, 252, 0, 1, 179),
(195, 8, 238, '00:30:02', 0.611836, '00:25:39', 1, 1, 200, 3, 1, 196, 0, 1, 0),
(196, 8, 47, '00:30:06', 0.600777, '00:26:07', 11, 2, 563, 4, 3, 585, 0, 2, 167),
(198, 8, 69, '00:30:53', 0.542372, '00:28:56', 3, 4, 600, 8, 2, 562, 0, 3, 86),
(199, 8, 83, '00:31:44', 0.588565, '00:26:40', 4, 3, 589, 5, 1, 562, 0, 2, 485),
(200, 8, 133, '00:33:01', 0.507327, '00:30:56', 1, 1, 596, 12, 1, 529, 0, 1, 0),
(201, 8, 220, '00:34:36', 0, '00:00:00', 5, 3, 592, 20, 3, 0, 4, 3, 588),
(202, 8, 72, '00:35:01', 0.516422, '00:30:24', 6, 1, 568, 10, 1, 541, 0, 2, 160),
(203, 8, 246, '00:35:11', 0.51226, '00:34:50', 12, 1, 171, 4, 1, 192, 5, 1, 190),
(204, 8, 66, '00:35:42', 0.523169, '00:30:00', 7, 3, 585, 9, 3, 561, 0, 3, 531),
(205, 8, 70, '00:36:53', 0.588757, '00:30:19', 8, 3, 385, 1, 1, 398, 6, 2, 199),
(206, 8, 127, '00:36:59', 0.489106, '00:36:29', 3, 3, 600, 6, 2, 586, 7, 2, 0),
(207, 8, 80, '00:38:36', 0.583735, '00:30:34', 9, 4, 580, 2, 2, 597, 8, 4, 96),
(208, 8, 79, '00:38:55', 0.513657, '00:30:33', 10, 2, 183, 11, 2, 181, 0, 1, 248),
(209, 8, 19, '00:39:25', 0.537959, '00:33:10', 13, 1, 358, 3, 1, 396, 9, 1, 276),
(210, 8, 67, '00:39:32', 0.477039, '00:37:25', 11, 1, 557, 7, 1, 561, 10, 1, 353),
(211, 8, 149, '00:40:09', 0.466069, '00:38:17', 4, 4, 495, 10, 5, 493, 11, 5, 0),
(212, 8, 109, '00:40:26', 0.459479, '00:38:50', 5, 1, 588, 11, 3, 579, 12, 3, 197),
(213, 8, 232, '00:41:01', 0.472569, '00:37:46', 6, 1, 366, 9, 2, 369, 13, 2, 354),
(214, 8, 136, '00:41:32', 0.439398, '00:40:37', 7, 2, 572, 13, 2, 550, 14, 2, 0),
(215, 8, 195, '00:41:47', 0.439149, '00:40:38', 8, 1, 173, 14, 1, 174, 15, 1, 168),
(216, 8, 68, '00:42:11', 0.474706, '00:37:36', 12, 1, 451, 8, 1, 461, 16, 1, 171),
(217, 8, 138, '00:43:11', 0.49593, '00:31:39', 9, 3, 189, 13, 4, 188, 0, 1, 0),
(218, 8, 175, '00:44:45', 0.425021, '00:41:59', 10, 2, 542, 15, 4, 547, 17, 4, 0),
(219, 8, 148, '00:44:56', 0.450658, '00:39:36', 11, 2, 558, 12, 2, 569, 18, 2, 0),
(220, 8, 135, '00:46:17', 0.394303, '00:45:16', 12, 4, 184, 17, 3, 180, 19, 3, 0),
(221, 8, 208, '00:47:47', 0.503045, '00:35:29', 13, 1, 171, 5, 2, 195, 20, 1, 160),
(222, 8, 209, '00:48:35', 0.395064, '00:45:10', 14, 1, 256, 16, 1, 263, 21, 1, 249),
(223, 8, 174, '00:53:18', 0.356843, '00:50:01', 15, 1, 552, 18, 1, 553, 22, 1, 0),
(224, 8, 210, '00:55:11', 0.3391, '00:52:38', 16, 1, 517, 19, 1, 528, 23, 1, 0),
(226, 7, 206, '00:35:44', 0, '00:00:00', 10, 4, 286, 5, 4, 0, 2, 3, 299),
(227, 7, 205, '00:35:46', 0, '00:00:00', 11, 4, 284, 6, 3, 97, 3, 4, 0),
(228, 7, 220, '00:43:03', 0, '00:00:00', 7, 4, 592, 23, 4, 0, 5, 4, 0),
(229, 7, 246, '00:44:13', 0.587481, '00:43:46', 19, 2, 171, 6, 2, 192, 7, 2, 0),
(230, 7, 235, '00:47:13', 0.564224, '00:40:08', 3, 1, 581, 17, 4, 545, 0, 1, 0),
(231, 7, 208, '00:58:48', 0.597158, '00:43:03', 18, 2, 171, 2, 1, 195, 22, 2, 0),
(232, 7, 210, '01:12:57', 0.370299, '01:09:26', 21, 2, 517, 20, 2, 528, 25, 2, 0),
(233, 14, 220, '01:25:25', 0, '00:00:00', 1, 1, 592, 8, 3, 0, 2, 1, 589),
(234, 21, 220, '01:59:48', 0, '00:00:00', 2, 1, 592, 11, 3, 0, 2, 1, 0),
(235, 21, 69, '01:48:48', 0.559904, '01:44:16', 1, 2, 600, 5, 1, 562, 0, 2, 86),
(236, 15, 2, '01:00:57', 0, '00:00:00', 1, 2, 600, 5, 3, 479, 0, 2, 492),
(237, 15, 116, '01:05:54', 0.710598, '01:01:55', 2, 3, 596, 3, 6, 596, 0, 5, 0),
(238, 15, 35, '01:06:20', 0, '00:00:00', 3, 2, 492, 11, 4, 185, 0, 1, 269),
(239, 15, 204, '01:07:14', 0, '00:00:00', 4, 4, 599, 12, 4, 0, 0, 4, 0),
(240, 15, 39, '01:08:20', 0.656173, '01:07:03', 5, 1, 480, 7, 1, 477, 0, 1, 355),
(241, 15, 20, '01:08:32', 0.651073, '01:07:34', 6, 1, 575, 8, 2, 574, 0, 5, 178),
(242, 15, 18, '01:10:50', 0.713586, '01:01:39', 7, 1, 563, 2, 1, 593, 0, 2, 366),
(243, 15, 24, '01:11:04', 0.692934, '01:03:29', 8, 2, 562, 5, 3, 583, 0, 2, 94),
(244, 15, 47, '01:11:37', 0.699592, '01:02:53', 9, 3, 563, 4, 2, 585, 0, 3, 167),
(245, 15, 10, '01:14:01', 0.734628, '00:59:53', 10, 2, 556, 1, 2, 600, 0, 2, 190),
(246, 15, 69, '01:15:05', 0.613693, '01:11:41', 1, 2, 600, 9, 2, 562, 0, 3, 86),
(247, 15, 8, '01:17:47', 0.587713, '01:14:51', 11, 1, 454, 12, 4, 461, 0, 2, 344),
(248, 15, 83, '01:17:47', 0.667462, '01:05:55', 2, 1, 589, 6, 1, 562, 0, 1, 485),
(249, 15, 40, '01:18:36', 0.636455, '01:17:32', 12, 2, 359, 4, 3, 391, 1, 2, 280),
(253, 15, 70, '01:22:31', 0.742195, '01:06:29', 4, 1, 385, 2, 1, 398, 4, 1, 199),
(254, 15, 12, '01:23:44', 0.593157, '01:14:10', 15, 3, 546, 11, 5, 573, 0, 4, 89),
(255, 15, 66, '01:24:51', 0.611873, '01:11:54', 5, 3, 585, 10, 2, 561, 0, 5, 531),
(256, 15, 217, '01:26:01', 0, '00:00:00', 7, 1, 94, 23, 1, 78, 6, 1, 95),
(257, 15, 71, '01:26:03', 0.577188, '01:16:13', 8, 1, 378, 13, 1, 353, 0, 1, 197),
(258, 15, 80, '01:27:30', 0.7284, '01:07:45', 9, 3, 580, 3, 3, 597, 7, 2, 96),
(259, 15, 133, '01:28:46', 0.519093, '01:24:45', 1, 1, 596, 15, 2, 529, 0, 1, 0),
(260, 15, 220, '01:30:12', 0, '00:00:00', 10, 4, 592, 25, 4, 0, 8, 4, 0),
(261, 15, 113, '01:30:50', 0.596708, '01:22:42', 2, 1, 488, 5, 3, 480, 9, 2, 0),
(262, 15, 149, '01:32:47', 0.562364, '01:27:45', 3, 3, 495, 6, 4, 493, 10, 4, 474),
(263, 15, 119, '01:32:51', 0.546588, '01:30:17', 11, 2, 365, 7, 2, 375, 11, 2, 0),
(264, 15, 235, '01:33:46', 0.548702, '01:20:11', 5, 1, 581, 14, 3, 545, 0, 4, 0),
(265, 15, 67, '01:37:25', 0.540186, '01:31:21', 12, 2, 557, 11, 2, 561, 12, 2, 353),
(266, 15, 109, '01:37:49', 0.52923, '01:33:14', 6, 3, 588, 12, 4, 579, 13, 4, 197),
(267, 15, 68, '01:43:08', 0.544191, '01:30:41', 13, 2, 451, 10, 1, 461, 14, 2, 171),
(268, 15, 136, '01:43:12', 0.491771, '01:40:21', 7, 2, 572, 14, 2, 550, 15, 2, 0),
(269, 15, 132, '01:43:25', 0.48813, '01:41:06', 8, 1, 277, 15, 1, 261, 16, 1, 261),
(270, 15, 175, '01:44:03', 0.510375, '01:36:41', 9, 1, 542, 13, 1, 547, 17, 1, 0),
(271, 15, 148, '01:44:15', 0.544868, '01:30:34', 10, 2, 558, 9, 3, 569, 18, 3, 0),
(272, 15, 161, '01:47:42', 0.414301, '01:46:12', 11, 1, 273, 17, 1, 253, 0, 1, 0),
(273, 15, 124, '02:02:01', 0.367478, '01:59:44', 13, 3, 572, 18, 3, 534, 0, 3, 0),
(274, 15, 174, '02:02:30', 0.433506, '01:53:50', 14, 4, 552, 16, 4, 553, 20, 4, 0),
(275, 15, 261, '01:53:50', 0.545113, '01:30:31', 12, 1, 252, 8, 1, 280, 19, 1, 241),
(276, 15, 259, '01:32:56', 0.495819, '01:28:44', 4, 3, 588, 16, 3, 536, 0, 1, 0),
(277, 15, 1, '01:22:06', 0, '00:00:00', 14, 1, 528, 32, 2, 220, 0, 1, 400),
(278, 15, 11, '01:20:19', 0.804455, '01:01:20', 13, 1, 535, 1, 1, 600, 3, 1, 572),
(279, 15, 65, '01:18:46', 0.632799, '01:17:59', 3, 2, 494, 16, 2, 441, 2, 1, 87),
(280, 9, 2, '00:37:48', 0, '00:00:00', 1, 2, 600, 7, 2, 479, 0, 2, 492),
(281, 9, 244, '00:38:23', 0, '00:00:00', 2, 1, 198, 8, 1, 186, 0, 1, 0),
(282, 9, 204, '00:39:28', 0, '00:00:00', 3, 5, 599, 13, 6, 0, 0, 5, 0),
(283, 9, 39, '00:41:43', 0.655575, '00:40:45', 5, 1, 480, 6, 2, 477, 0, 2, 355),
(284, 9, 25, '00:41:52', 0.677644, '00:39:25', 6, 1, 280, 5, 2, 287, 0, 2, 262),
(285, 9, 205, '00:42:34', 0, '00:00:00', 8, 2, 284, 6, 4, 97, 1, 1, 300),
(286, 9, 7, '00:42:41', 0, '00:00:00', 9, 2, 565, 24, 3, 261, 0, 3, 459),
(287, 9, 20, '00:42:48', 0.635534, '00:42:02', 10, 6, 575, 10, 6, 574, 0, 3, 178),
(288, 9, 24, '00:43:00', 0.698659, '00:38:14', 11, 2, 562, 2, 1, 583, 0, 1, 94),
(289, 9, 3, '00:43:06', 0.647999, '00:41:13', 12, 2, 185, 7, 2, 193, 0, 1, 287),
(290, 9, 18, '00:44:29', 0.692813, '00:38:33', 13, 2, 563, 3, 2, 593, 0, 2, 366),
(291, 9, 40, '00:45:27', 0.674278, '00:44:59', 14, 1, 359, 5, 1, 391, 2, 1, 280),
(292, 9, 69, '00:45:53', 0.613501, '00:43:32', 1, 1, 600, 11, 3, 562, 0, 2, 86),
(293, 9, 10, '00:45:59', 0.71996, '00:37:06', 15, 2, 556, 1, 2, 600, 0, 2, 190),
(294, 9, 8, '00:46:06', 0.60583, '00:44:05', 16, 1, 454, 13, 1, 461, 0, 1, 344),
(295, 9, 4, '00:46:12', 0.678815, '00:39:21', 17, 3, 581, 4, 3, 597, 0, 1, 197),
(296, 9, 37, '00:46:58', 0.657887, '00:46:06', 18, 1, 170, 6, 1, 194, 3, 1, 180),
(297, 9, 1, '00:47:45', 0, '00:00:00', 19, 2, 528, 40, 2, 220, 0, 1, 400),
(298, 9, 88, '00:48:02', 0.647208, '00:41:16', 4, 2, 389, 8, 2, 363, 0, 2, 164),
(299, 9, 65, '00:48:16', 0.632883, '00:47:55', 5, 1, 494, 23, 1, 441, 5, 1, 87),
(300, 9, 11, '00:48:25', 0.814173, '00:37:15', 20, 3, 535, 1, 2, 600, 6, 3, 572),
(301, 9, 12, '00:50:17', 0.602543, '00:44:20', 21, 3, 546, 14, 3, 573, 0, 2, 89),
(302, 9, 71, '00:50:26', 0.600751, '00:44:28', 6, 1, 378, 15, 1, 353, 0, 1, 197),
(303, 9, 70, '00:50:45', 0.736539, '00:41:11', 7, 2, 385, 2, 3, 398, 7, 3, 199),
(304, 9, 66, '00:53:08', 0.59548, '00:44:51', 8, 4, 585, 16, 4, 561, 0, 2, 531),
(305, 9, 133, '00:53:33', 0.525667, '00:50:49', 2, 2, 596, 18, 2, 529, 0, 2, 0),
(306, 9, 146, '00:54:10', 0.565771, '00:53:36', 3, 2, 294, 14, 3, 281, 9, 2, 283),
(307, 9, 80, '00:54:18', 0.716186, '00:42:21', 9, 5, 580, 4, 5, 597, 10, 5, 96),
(308, 9, 119, '00:54:23', 0.571016, '00:53:07', 10, 2, 365, 13, 2, 375, 11, 2, 0),
(309, 9, 235, '00:55:04', 0.569515, '00:46:54', 4, 4, 581, 17, 3, 545, 0, 3, 0),
(310, 9, 113, '00:55:44', 0.594039, '00:51:03', 5, 2, 488, 9, 2, 480, 12, 2, 0),
(311, 9, 67, '00:55:51', 0.575767, '00:52:40', 11, 2, 557, 11, 2, 561, 13, 2, 353),
(312, 9, 149, '00:57:27', 0.555083, '00:54:38', 6, 6, 495, 15, 6, 493, 14, 6, 0),
(313, 9, 232, '00:57:50', 0.572469, '00:52:59', 7, 2, 366, 12, 3, 369, 15, 3, 0),
(314, 9, 109, '00:59:13', 0.534422, '00:56:45', 8, 4, 588, 16, 5, 579, 16, 4, 197),
(315, 9, 136, '00:59:33', 0.521474, '00:58:10', 9, 3, 572, 17, 4, 550, 17, 3, 0),
(316, 9, 123, '00:59:49', 0.728599, '00:41:37', 10, 2, 187, 3, 2, 197, 18, 2, 178),
(317, 9, 135, '01:00:43', 0.511454, '00:59:18', 11, 3, 184, 18, 4, 180, 19, 4, 0),
(318, 9, 124, '01:02:01', 0.440985, '01:00:35', 12, 2, 572, 20, 2, 534, 0, 2, 0),
(319, 9, 261, '01:02:14', 0.608506, '00:49:50', 13, 1, 252, 7, 1, 280, 20, 1, 0),
(320, 9, 132, '01:04:32', 0.478803, '01:03:21', 14, 2, 277, 20, 2, 261, 21, 2, 0),
(321, 9, 175, '01:05:01', 0.499034, '01:00:47', 15, 4, 542, 19, 6, 547, 22, 6, 0),
(322, 9, 152, '01:08:01', 0.456561, '01:06:26', 16, 4, 184, 21, 4, 187, 23, 4, 167),
(323, 9, 125, '01:08:48', 0.51454, '00:51:55', 17, 1, 168, 19, 2, 169, 0, 1, 0),
(324, 9, 208, '01:09:37', 0.598927, '00:50:38', 18, 3, 171, 8, 3, 195, 24, 3, 0),
(325, 9, 174, '01:19:48', 0.406586, '01:14:36', 19, 2, 552, 22, 3, 553, 25, 3, 0),
(326, 8, 226, '00:30:25', 0.558922, '00:28:05', 2, 1, 295, 7, 1, 266, 0, 1, 0),
(327, 9, 226, '00:47:04', 0.607616, '00:43:58', 2, 2, 295, 12, 2, 266, 0, 2, 0),
(329, 9, 264, '00:42:22', 0.645517, '00:41:23', 7, 2, 376, 9, 3, 381, 0, 1, 0),
(330, 9, 263, '00:47:14', 0, '00:00:00', 3, 2, 596, 21, 3, 87, 4, 3, 594),
(331, 9, 262, '00:52:19', 0.588035, '00:51:35', 1, 1, 198, 10, 1, 187, 8, 1, 185),
(332, 13, 35, '01:06:01', 0, '00:00:00', 3, 3, 492, 10, 3, 185, 0, 2, 269),
(333, 7, 244, '00:31:48', 0, '00:00:00', 2, 2, 198, 8, 2, 186, 0, 2, 0),
(334, 7, 204, '00:32:59', 0, '00:00:00', 4, 6, 599, 12, 5, 0, 0, 4, 0),
(335, 8, 259, '00:34:04', 0.49169, '00:31:55', 2, 3, 588, 14, 4, 536, 0, 3, 0),
(336, 21, 265, '01:36:33', 0, '00:00:00', 6, 1, 484, 9, 1, 92, 0, 1, 0),
(337, 9, 265, '00:41:14', 0, '00:00:00', 4, 2, 484, 18, 3, 92, 0, 1, 0),
(338, 10, 2, '00:37:15', 0, '00:00:00', 1, 1, 600, 6, 1, 479, 0, 1, 492),
(339, 10, 204, '00:37:38', 0, '00:00:00', 2, 3, 599, 8, 4, 0, 0, 3, 0),
(340, 10, 35, '00:39:12', 0, '00:00:00', 3, 4, 492, 11, 4, 185, 0, 3, 269),
(341, 10, 20, '00:41:34', 0.654391, '00:40:49', 4, 1, 575, 6, 3, 574, 0, 2, 178),
(342, 10, 4, '00:41:43', 0.751768, '00:35:32', 5, 1, 581, 2, 2, 597, 0, 2, 197),
(343, 10, 264, '00:41:51', 0.653487, '00:40:52', 6, 1, 376, 7, 2, 381, 0, 2, 0),
(344, 10, 24, '00:41:57', 0.716147, '00:37:18', 7, 1, 562, 3, 2, 583, 0, 2, 94),
(345, 10, 6, '00:42:06', 0.696062, '00:38:22', 8, 2, 576, 5, 2, 582, 0, 1, 492),
(346, 10, 10, '00:42:47', 0.77381, '00:34:31', 9, 1, 556, 1, 1, 600, 0, 1, 190),
(347, 10, 47, '00:43:05', 0.709271, '00:37:40', 10, 1, 563, 4, 1, 585, 0, 1, 167),
(348, 10, 180, '00:46:38', 0, '00:00:00', 1, 1, 297, 19, 1, 147, 0, 2, 0),
(349, 10, 263, '00:47:36', 0, '00:00:00', 2, 1, 596, 14, 2, 87, 1, 1, 596),
(350, 10, 240, '00:48:25', 0.595454, '00:44:52', 3, 1, 394, 9, 1, 365, 0, 1, 0),
(351, 10, 11, '00:48:36', 0.811102, '00:37:23', 11, 1, 535, 1, 3, 600, 2, 1, 572),
(352, 10, 80, '00:52:23', 0.742391, '00:40:51', 4, 2, 580, 3, 4, 597, 3, 1, 96),
(353, 10, 259, '00:52:41', 0.534315, '00:50:00', 1, 1, 588, 12, 3, 536, 0, 2, 0),
(355, 10, 235, '00:56:38', 0.55376, '00:48:14', 3, 2, 581, 11, 2, 545, 0, 2, 0),
(356, 10, 132, '00:57:23', 0.538463, '00:56:19', 4, 1, 277, 7, 1, 261, 5, 1, 0),
(357, 10, 123, '00:57:48', 0.75402, '00:40:13', 5, 1, 187, 2, 1, 197, 6, 1, 0),
(358, 10, 227, '00:58:41', 0.569441, '00:46:55', 6, 1, 178, 10, 1, 165, 0, 1, 0),
(359, 10, 109, '00:58:57', 0.536839, '00:56:30', 7, 3, 588, 8, 2, 579, 7, 1, 197),
(360, 10, 135, '00:59:18', 0.523673, '00:57:55', 8, 1, 184, 9, 1, 180, 8, 1, 0),
(361, 10, 145, '00:59:23', 0.551685, '00:54:58', 9, 2, 371, 6, 2, 380, 9, 2, 0),
(362, 10, 83, '00:59:23', 0.532806, '00:50:08', 5, 4, 589, 13, 4, 562, 0, 3, 485),
(363, 10, 148, '01:00:03', 0.577627, '00:52:30', 10, 1, 558, 5, 1, 569, 10, 1, 0),
(364, 10, 138, '01:01:16', 0.59695, '00:44:45', 11, 4, 189, 8, 2, 188, 0, 2, 0),
(365, 10, 182, '01:01:29', 0.500364, '01:00:37', 12, 1, 174, 10, 1, 174, 11, 1, 0),
(366, 10, 124, '01:01:38', 0.443728, '01:00:12', 13, 3, 572, 15, 1, 534, 0, 3, 0),
(367, 10, 152, '01:02:45', 0.494881, '01:01:17', 14, 3, 184, 11, 3, 187, 12, 2, 182),
(368, 10, 175, '01:06:23', 0.48876, '01:02:03', 16, 5, 542, 12, 3, 547, 13, 2, 0),
(369, 10, 125, '01:08:18', 0.518307, '00:51:32', 17, 2, 168, 14, 1, 169, 0, 2, 0),
(370, 10, 266, '01:11:39', 0.429365, '01:10:38', 18, 3, 348, 13, 3, 363, 14, 3, 346),
(371, 10, 149, '00:55:08', 0.578408, '00:52:26', 2, 2, 495, 4, 3, 493, 4, 1, 484),
(372, 10, 273, '01:03:43', 0.431916, '01:01:51', 15, 2, 255, 16, 2, 246, 0, 1, 0),
(373, 24, 110, '04:26:23', 0.506255, '04:02:51', 6, 2, 574, 10, 2, 539, 0, 1, 0),
(374, 22, 204, '01:22:46', 0, '00:00:00', 1, 2, 599, NULL, 2, 0, 0, 2, 0),
(375, 22, 116, '01:26:35', 0.715212, '01:21:37', 2, 1, 596, 3, 2, 596, 0, 1, 0),
(376, 22, 4, '01:32:20', 0.737646, '01:19:08', 3, 2, 581, 2, 2, 597, 0, 2, 0),
(377, 22, 47, '01:34:56', 0.69838, '01:23:35', 4, 1, 563, 4, 3, 585, 0, 2, 0),
(378, 22, 24, '01:35:49', 0.679973, '01:25:51', 5, 1, 562, 5, 1, 583, 0, 2, 0),
(379, 22, 10, '01:36:41', 0.744956, '01:18:22', 6, 3, 556, 1, 1, 600, 0, 1, 0),
(380, 22, 5, '01:36:50', 0, '00:00:00', 7, 2, 572, NULL, 1, 394, 1, 2, 0),
(381, 22, 180, '01:44:28', 0, '00:00:00', 1, 1, 297, NULL, 1, 147, 0, 1, 0),
(382, 22, 263, '01:44:30', 0, '00:00:00', 2, 2, 596, NULL, 1, 87, 2, 2, 0),
(383, 22, 1, '01:45:35', 0, '00:00:00', 8, 2, 528, NULL, 1, 220, 0, 3, 0),
(384, 22, 11, '01:45:43', 0.807466, '01:20:44', 9, 3, 535, 1, 3, 600, 3, 4, 0),
(385, 22, 220, '01:47:55', 0, '00:00:00', 3, 3, 592, NULL, 2, 0, 4, 3, 0),
(386, 22, 71, '01:55:43', 0.567916, '01:42:48', 4, 1, 378, 6, 1, 353, 0, 1, 0),
(387, 22, 80, '01:59:46', 0.703076, '01:32:44', 5, 3, 580, 2, 2, 597, 5, 2, 0),
(388, 22, 18, '01:59:46', 0.558519, '01:44:31', 10, 3, 563, 7, 3, 593, 0, 3, 0),
(389, 22, 72, '02:01:15', 0.5468, '01:46:46', 6, 2, 568, 8, 2, 541, 0, 2, 0),
(390, 22, 113, '02:01:55', 0.58736, '01:51:00', 1, 1, 488, 3, 1, 480, 6, 1, 0),
(391, 22, 259, '02:03:08', 0.494728, '01:58:00', 2, 1, 588, 10, 2, 536, 0, 2, 0),
(392, 22, 235, '02:05:39', 0.542056, '01:47:42', 3, 1, 581, 9, 2, 545, 0, 2, 0),
(393, 22, 109, '02:08:24', 0.532664, '02:02:24', 4, 4, 588, 5, 4, 579, 7, 4, 0),
(394, 22, 68, '02:08:28', 0.577192, '01:52:57', 7, 1, 451, 4, 1, 461, 8, 1, 0),
(395, 22, 136, '02:15:20', 0.495448, '02:11:35', 5, 2, 572, 7, 2, 550, 9, 2, 0),
(396, 22, 161, '02:21:18', 0.418121, '02:19:37', 6, 1, 273, 11, 1, 253, 0, 1, 0),
(397, 22, 148, '02:22:28', 0.526762, '02:03:46', 7, 1, 558, 6, 2, 569, 10, 2, 0),
(398, 22, 209, '02:30:28', 0.470947, '02:18:26', 8, 1, 256, 8, 1, 263, 11, 1, 0),
(399, 22, 175, '02:38:42', 0.442094, '02:27:28', 9, 2, 542, 9, 2, 547, 12, 2, 0),
(400, 11, 204, '00:21:00', 0, '00:00:00', 1, 2, 599, NULL, 2, 0, 0, 2, 0),
(401, 11, 35, '00:21:41', 0, '00:00:00', 2, 1, 492, NULL, 1, 185, 0, 4, 0),
(402, 11, 116, '00:21:54', 0.77628, '00:20:13', 3, 3, 596, 1, 1, 596, 0, 1, 0),
(403, 11, 265, '00:22:21', 0, '00:00:00', 4, 3, 484, NULL, 1, 92, 0, 2, 0),
(404, 11, 3, '00:22:49', 0.728758, '00:21:32', 5, 1, 185, 2, 1, 193, 0, 2, 0),
(405, 11, 39, '00:23:14', 0.700335, '00:22:25', 6, 2, 480, 4, 1, 477, 0, 3, 0),
(406, 11, 206, '00:23:15', 0, '00:00:00', 7, 2, 286, NULL, 1, 0, 1, 1, 300),
(407, 11, 20, '00:23:59', 0.673895, '00:23:17', 8, 5, 575, 6, 2, 574, 0, 1, 0),
(408, 11, 238, '00:25:38', 0.716858, '00:21:54', 1, 2, 200, 3, 2, 196, 0, 2, 0),
(409, 11, 12, '00:25:58', 0.690917, '00:22:43', 9, 1, 546, 5, 1, 573, 0, 1, 0),
(410, 11, 69, '00:26:32', 0.63129, '00:24:52', 2, 3, 600, 7, 1, 562, 0, 1, 0),
(411, 11, 259, '00:28:24', 0.589797, '00:26:37', 1, 2, 588, 11, 2, 536, 0, 1, 0),
(412, 11, 220, '00:28:27', 0, '00:00:00', 4, 2, 592, NULL, 2, 0, 3, 2, 0),
(413, 11, 66, '00:29:41', 0.629213, '00:24:57', 5, 2, 585, 8, 2, 561, 0, 1, 0),
(414, 11, 70, '00:30:00', 0.723844, '00:24:39', 6, 1, 385, 1, 2, 398, 4, 1, 0),
(415, 11, 146, '00:30:20', 0.594166, '00:30:02', 2, 1, 294, 4, 1, 281, 5, 1, 0),
(416, 11, 149, '00:30:30', 0.61353, '00:29:05', 3, 3, 495, 3, 2, 493, 6, 3, 0),
(417, 11, 80, '00:31:20', 0.719112, '00:24:49', 7, 3, 580, 2, 3, 597, 7, 3, 0),
(418, 11, 134, '00:32:05', 0.579063, '00:30:49', 4, 1, 377, 5, 1, 372, 8, 1, 0),
(420, 11, 136, '00:32:51', 0.555545, '00:32:07', 5, 1, 572, 6, 1, 550, 9, 1, 0),
(421, 11, 79, '00:33:19', 0.599994, '00:26:10', 9, 1, 183, 10, 1, 181, 0, 2, 0),
(422, 11, 109, '00:33:36', 0.552925, '00:32:16', 6, 2, 588, 7, 1, 579, 10, 2, 0),
(423, 11, 138, '00:34:33', 0.619853, '00:25:19', 7, 2, 189, 9, 3, 188, 0, 3, 0),
(424, 11, 142, '00:35:09', 0, '00:00:00', 9, 1, 269, NULL, 1, 0, 0, 1, 0),
(425, 11, 273, '00:36:30', 0.448995, '00:34:58', 10, 1, 255, 13, 1, 246, 0, 2, 0),
(426, 11, 152, '00:37:27', 0.487308, '00:36:37', 11, 2, 184, 9, 2, 187, 12, 3, 184),
(427, 11, 266, '00:43:17', 0.417915, '00:42:42', 12, 2, 348, 10, 2, 363, 13, 2, 349),
(428, 11, 175, '00:47:31', 0.400275, '00:44:35', 14, 3, 542, 11, 2, 547, 14, 3, 0),
(429, 15, 263, '01:24:55', 0, '00:00:00', 6, 4, 596, NULL, 1, 87, 5, 4, 0),
(432, 16, 204, '01:04:51', 0, '00:00:00', 1, 1, 599, NULL, 3, 0, 0, 3, 0),
(433, 16, 35, '01:06:23', 0, '00:00:00', 2, 1, 492, NULL, 1, 185, 0, 3, 0),
(434, 16, 116, '01:06:55', 0.699802, '01:02:52', 3, 5, 596, 1, 1, 596, 0, 4, 0),
(435, 16, 265, '01:08:14', 0, '00:00:00', 4, 1, 484, NULL, 1, 92, 0, 1, 0),
(436, 16, 205, '01:08:50', 0, '00:00:00', 5, 1, 284, NULL, 1, 97, 1, 1, 0),
(437, 16, 264, '01:13:22', 0.611156, '01:11:59', 8, 2, 376, 4, 1, 381, 0, 1, 0),
(438, 16, 7, '01:10:13', 0, '00:00:00', 6, 1, 565, NULL, 1, 261, 0, 1, 0),
(439, 16, 24, '01:13:05', 0.673814, '01:05:17', 7, 1, 562, 2, 1, 583, 0, 3, 0),
(440, 16, 20, '01:13:46', 0.604883, '01:12:44', 9, 4, 575, 5, 1, 574, 0, 4, 0),
(441, 16, 5, '01:14:59', 0, '00:00:00', 11, 2, 572, NULL, 1, 394, 2, 2, 0),
(442, 16, 8, '01:18:48', 0.580131, '01:15:50', 12, 3, 454, 8, 1, 461, 0, 3, 0),
(443, 16, 11, '01:22:29', 0.783324, '01:03:00', 13, 2, 535, 1, 2, 600, 4, 2, 0),
(444, 16, 66, '01:28:07', 0.589189, '01:14:40', 4, 2, 585, 7, 1, 561, 0, 4, 0),
(445, 16, 220, '01:25:17', 0, '00:00:00', 3, 2, 592, NULL, 2, 0, 5, 3, 0),
(446, 16, 12, '01:14:57', 0.662669, '01:06:23', 10, 2, 546, 3, 1, 573, 0, 3, 0),
(447, 16, 263, '01:18:31', 0, '00:00:00', 2, 3, 596, NULL, 2, 87, 3, 2, 0),
(448, 16, 78, '01:33:20', 0.541561, '01:21:14', 6, 1, 95, 10, 1, 91, 0, 1, 0),
(449, 16, 72, '01:35:11', 0.526379, '01:23:35', 7, 2, 568, 12, 1, 541, 0, 1, 0),
(450, 16, 240, '01:52:23', 0.420128, '01:44:43', 8, 3, 394, 15, 2, 365, 0, 1, 0),
(451, 16, 235, '01:35:41', 0.537711, '01:21:49', 6, 3, 581, 11, 1, 545, 0, 3, 0),
(452, 16, 241, '01:52:23', 0.47253, '01:44:26', 11, 1, 170, 8, 1, 182, 12, 1, 171),
(453, 16, 142, '01:46:36', 0, '00:00:00', 9, 1, 269, NULL, 1, 0, 0, 1, 0),
(454, 16, 232, '01:46:36', 0.508452, '01:37:03', 9, 1, 366, 7, 1, 369, 11, 1, 0),
(455, 16, 131, '01:38:21', 0.558181, '01:18:49', 8, 1, 183, 9, 1, 177, 0, 1, 0),
(456, 16, 109, '01:36:10', 0.538311, '01:31:40', 7, 4, 588, 6, 3, 579, 10, 3, 0),
(457, 16, 133, '01:34:36', 0.487084, '01:30:20', 5, 4, 596, 14, 1, 529, 0, 2, 0),
(458, 16, 259, '01:32:53', 0.496086, '01:28:41', 4, 2, 588, 13, 1, 536, 0, 4, 0),
(459, 16, 127, '01:29:29', 0.561437, '01:27:53', 1, 2, 600, 4, 2, 586, 7, 4, 0),
(460, 16, 149, '01:30:25', 0.577084, '01:25:30', 2, 1, 495, 3, 2, 493, 8, 3, 0),
(461, 16, 262, '01:32:13', 0.544796, '01:30:35', 3, 1, 198, 5, 1, 187, 9, 1, 0),
(462, 16, 69, '01:18:01', 0.590619, '01:14:29', 1, 1, 600, 6, 1, 562, 0, 2, 0),
(463, 16, 80, '01:28:59', 0.716258, '01:08:53', 5, 1, 580, 2, 2, 597, 6, 1, 0),
(464, 23, 204, '01:25:25', 0, '00:00:00', 1, 1, 599, NULL, 1, 0, 0, 1, 0),
(465, 23, 39, '01:31:37', 0.647816, '01:30:07', 2, 1, 480, 3, 1, 477, 0, 1, 0),
(466, 23, 7, '01:33:13', 0, '00:00:00', 3, 1, 565, NULL, 1, 261, 0, 2, 0),
(467, 23, 20, '01:37:16', 0.607407, '01:36:07', 4, 2, 575, 4, 1, 574, 0, 1, 0),
(468, 23, 47, '01:37:40', 0.678834, '01:26:00', 5, 2, 563, 2, 1, 585, 0, 1, 0),
(469, 23, 10, '01:42:10', 0.704974, '01:22:48', 6, 2, 556, 1, 3, 600, 0, 4, 0),
(470, 23, 11, '01:51:52', 0.763075, '01:25:26', 7, 1, 535, 1, 4, 600, 2, 2, 0),
(471, 23, 263, '01:46:26', 0, '00:00:00', 1, 1, 596, NULL, 2, 87, 1, 1, 0),
(472, 23, 240, '01:51:02', 0.562372, '01:43:48', 2, 1, 394, 6, 1, 365, 0, 1, 0),
(473, 23, 220, '01:55:08', 0, '00:00:00', 3, 2, 592, NULL, 1, 0, 3, 2, 0),
(474, 23, 110, '01:57:51', 0.543385, '01:47:26', 4, 1, 574, 7, 1, 539, 0, 2, 0),
(475, 23, 149, '01:58:01', 0.584124, '01:51:37', 1, 1, 495, 2, 1, 493, 4, 1, 0),
(476, 23, 127, '01:58:09', 0.561784, '01:56:03', 2, 3, 600, 3, 3, 586, 5, 3, 0),
(477, 23, 66, '01:58:18', 0.580953, '01:40:29', 5, 3, 585, 5, 1, 561, 0, 1, 0),
(478, 23, 133, '02:00:11', 0.506871, '01:55:11', 3, 2, 596, 9, 2, 529, 0, 2, 0),
(479, 23, 146, '02:00:42', 0.547575, '01:59:04', 4, 1, 294, 4, 1, 281, 6, 1, 0),
(480, 23, 235, '02:08:51', 0.528594, '01:50:27', 5, 2, 581, 8, 1, 545, 0, 1, 0),
(481, 23, 259, '02:17:57', 0.441591, '02:12:12', 6, 2, 588, 10, 1, 536, 0, 1, 0),
(482, 23, 148, '02:26:44', 0.511445, '02:07:28', 7, 2, 558, 5, 1, 569, 7, 1, 0),
(483, 23, 266, '02:45:00', 0.402272, '02:42:04', 8, 1, 348, 6, 1, 363, 8, 1, 0),
(484, 23, 109, '03:19:39', 0.34257, '03:10:19', 9, 5, 588, 9, 5, 579, 9, 5, 0),
(485, 23, 224, '03:19:39', 0.345286, '03:08:49', 9, 1, 185, 7, 1, 190, 9, 1, 187),
(486, 23, 210, '03:19:39', 0.345286, '03:08:49', 9, 2, 517, 7, 2, 528, 9, 2, 0),
(487, 17, 116, '01:03:51', 0.733413, '00:59:59', 1, 1, 596, 2, 4, 596, 0, 3, 0),
(488, 17, 204, '01:04:18', 0, '00:00:00', 2, 2, 599, NULL, 2, 0, 0, 2, 0),
(489, 17, 265, '01:07:40', 0, '00:00:00', 4, 2, 484, NULL, 2, 92, 0, 2, 0),
(490, 17, 4, '01:09:27', 0.74082, '00:59:23', 5, 2, 581, 1, 2, 597, 0, 2, 0),
(491, 17, 47, '01:12:14', 0.69362, '01:03:26', 6, 1, 563, 3, 1, 585, 0, 2, 0),
(492, 17, 264, '01:13:05', 0.613525, '01:11:43', 7, 1, 376, 7, 2, 381, 0, 2, 0),
(493, 17, 20, '01:13:15', 0.60915, '01:12:13', 8, 3, 575, 8, 3, 574, 0, 3, 0),
(494, 17, 12, '01:17:51', 0.637983, '01:08:58', 9, 1, 546, 6, 2, 573, 0, 2, 0),
(495, 17, 9, '01:18:38', 0.691497, '01:03:37', 10, 1, 366, 4, 2, 393, 0, 1, 0),
(496, 17, 263, '01:19:16', 0, '00:00:00', 1, 1, 596, NULL, 3, 87, 1, 1, 0),
(497, 17, 240, '01:19:42', 0.592414, '01:14:16', 2, 1, 394, 9, 1, 365, 0, 2, 0),
(498, 17, 69, '01:20:07', 0.575138, '01:16:30', 3, 4, 600, 11, 3, 562, 0, 1, 0),
(499, 17, 110, '01:25:00', 0.569531, '01:17:15', 4, 1, 574, 12, 1, 539, 0, 2, 0),
(500, 17, 112, '01:25:11', 0.676888, '01:05:00', 1, 1, 200, 5, 2, 193, 0, 1, 0),
(501, 17, 133, '01:26:39', 0.531773, '01:22:44', 2, 2, 596, 15, 3, 529, 0, 3, 0),
(502, 17, 149, '01:26:50', 0.600899, '01:22:07', 3, 2, 495, 2, 1, 493, 2, 1, 0),
(503, 17, 259, '01:27:44', 0.525207, '01:23:46', 4, 1, 588, 16, 2, 536, 0, 3, 0),
(504, 17, 127, '01:28:27', 0.567996, '01:26:53', 5, 4, 600, 3, 1, 586, 3, 1, 0),
(505, 17, 66, '01:29:42', 0.578789, '01:16:01', 5, 4, 585, 10, 3, 561, 0, 3, 0),
(506, 17, 72, '01:33:22', 0.536621, '01:21:59', 6, 1, 568, 14, 2, 541, 0, 2, 0),
(507, 17, 235, '01:33:40', 0.549288, '01:20:06', 6, 2, 581, 13, 2, 545, 0, 2, 0),
(508, 17, 19, '01:33:50', 0.636106, '01:17:34', 11, 1, 358, 1, 1, 396, 4, 1, 0),
(509, 17, 89, '01:35:56', 0.463191, '01:34:59', 7, 1, 189, 17, 1, 167, 0, 1, 0),
(510, 17, 174, '02:15:10', 0.392882, '02:05:36', 7, 3, 552, 4, 2, 553, 5, 2, 0),
(511, 17, 224, '02:32:14', 0.34275, '02:23:58', 8, 1, 185, 5, 1, 190, 6, 1, 0),
(512, 17, 210, '02:32:19', 0.342563, '02:24:03', 9, 1, 517, 6, 1, 528, 7, 1, 0),
(513, 17, 274, '01:06:49', 0, '00:00:00', 3, 1, 194, NULL, 1, 0, 0, 1, 0),
(514, 18, 2, '00:58:36', 0, '00:00:00', 1, 4, 600, NULL, 1, 479, 0, 4, 0),
(515, 18, 204, '01:00:13', 0, '00:00:00', 2, 3, 599, NULL, 1, 0, 0, 1, 0),
(516, 18, 116, '01:01:04', 0.766841, '00:57:22', 3, 6, 596, 2, 3, 596, 0, 2, 0),
(517, 18, 35, '01:01:13', 0, '00:00:00', 4, 4, 492, NULL, 2, 185, 0, 4, 0),
(518, 18, 274, '01:02:01', 0, '00:00:00', 5, 2, 194, NULL, 2, 0, 0, 2, 0),
(519, 18, 206, '01:04:57', 0, '00:00:00', 6, 1, 286, NULL, 1, 0, 1, 1, 0),
(520, 18, 39, '01:05:04', 0.689116, '01:03:50', 7, 2, 480, 8, 2, 477, 0, 2, 0),
(521, 18, 4, '01:05:39', 0.783701, '00:56:08', 8, 3, 581, 1, 3, 597, 0, 3, 0),
(522, 18, 6, '01:05:59', 0.727509, '01:00:28', 9, 3, 576, 5, 3, 582, 0, 3, 0),
(523, 18, 7, '01:06:52', 0, '00:00:00', 10, 2, 565, NULL, 2, 261, 0, 2, 0),
(524, 18, 20, '01:08:18', 0.653298, '01:07:21', 11, 5, 575, 12, 5, 574, 0, 2, 0),
(525, 18, 40, '01:08:43', 0.727994, '01:07:47', 12, 3, 359, 2, 2, 391, 2, 3, 0),
(526, 18, 24, '01:09:19', 0.710429, '01:01:56', 13, 4, 562, 6, 4, 583, 0, 4, 0),
(527, 18, 8, '01:09:34', 0.657129, '01:06:57', 14, 4, 454, 11, 3, 461, 0, 4, 0),
(528, 18, 264, '01:09:36', 0.644231, '01:08:17', 15, 3, 376, 13, 3, 381, 0, 3, 0),
(529, 18, 47, '01:12:00', 0.695868, '01:03:13', 16, 4, 563, 7, 4, 585, 0, 4, 0),
(530, 18, 9, '01:13:43', 0.737617, '00:59:39', 17, 2, 366, 3, 1, 393, 0, 2, 0),
(531, 18, 263, '01:14:36', 0, '00:00:00', 1, 2, 596, NULL, 4, 87, 3, 3, 0),
(532, 18, 12, '01:14:44', 0.66459, '01:06:12', 18, 5, 546, 9, 4, 573, 0, 5, 0),
(533, 18, 1, '01:15:44', 0, '00:00:00', 19, 2, 528, NULL, 1, 220, 0, 2, 0),
(535, 18, 240, '01:16:26', 0.617733, '01:11:13', 3, 2, 394, 15, 3, 365, 0, 3, 0),
(536, 18, 226, '01:16:41', 0.610673, '01:12:03', 4, 1, 295, 18, 1, 266, 0, 1, 0),
(537, 18, 83, '01:18:50', 0.658572, '01:06:48', 5, 2, 589, 10, 2, 562, 0, 2, 0),
(538, 18, 112, '01:19:15', 0.727565, '01:00:28', 1, 2, 200, 4, 1, 193, 0, 2, 0),
(540, 18, 220, '01:20:17', 0, '00:00:00', 6, 3, 592, NULL, 1, 0, 4, 2, 0),
(541, 18, 133, '01:20:58', 0.5691, '01:17:18', 2, 3, 596, 24, 4, 529, 0, 4, 0),
(542, 18, 71, '01:21:17', 0.611036, '01:12:00', 8, 2, 378, 17, 2, 353, 0, 2, 0),
(543, 18, 127, '01:22:41', 0.60761, '01:21:13', 3, 3, 600, 5, 3, 586, 5, 2, 0),
(544, 18, 149, '01:22:56', 0.629157, '01:18:26', 4, 4, 495, 4, 3, 493, 6, 2, 0),
(545, 18, 80, '01:23:00', 0.767891, '01:04:16', 9, 4, 580, 1, 1, 597, 7, 3, 0),
(546, 18, 259, '01:23:52', 0.549421, '01:20:05', 5, 4, 588, 26, 4, 536, 0, 2, 0),
(547, 18, 119, '01:23:59', 0.604295, '01:21:39', 10, 1, 365, 6, 1, 375, 8, 1, 0),
(548, 18, 66, '01:25:06', 0.610075, '01:12:07', 11, 5, 585, 19, 5, 561, 0, 2, 0),
(549, 18, 139, '01:25:10', 0, '00:00:00', 6, 1, 95, NULL, 1, 0, 9, 1, 92),
(550, 18, 212, '01:25:29', 0.586108, '01:15:04', 7, 1, 94, 22, 1, 79, 0, 1, 0),
(551, 18, 72, '01:25:30', 0.585994, '01:15:05', 12, 3, 568, 23, 3, 541, 0, 3, 0),
(552, 18, 113, '01:25:30', 0.63393, '01:17:50', 8, 3, 488, 3, 1, 480, 10, 3, 0),
(553, 18, 235, '01:27:01', 0.591265, '01:14:24', 9, 4, 581, 21, 4, 545, 0, 1, 0),
(554, 18, 271, '01:29:10', 0.552275, '01:19:40', 10, 1, 91, 25, 1, 76, 0, 1, 0),
(555, 18, 131, '01:29:45', 0.611667, '01:11:56', 11, 2, 183, 16, 2, 177, 0, 2, 0),
(556, 18, 134, '01:32:39', 0.558743, '01:28:19', 12, 2, 377, 9, 2, 372, 11, 2, 0),
(557, 18, 223, '01:33:41', 0.532042, '01:32:45', 13, 1, 88, NULL, 1, 0, 12, 1, 89),
(558, 18, 145, '01:37:41', 0.549075, '01:29:52', 14, 1, 371, 10, 1, 380, 13, 1, 0),
(559, 18, 148, '01:38:53', 0.574439, '01:25:54', 15, 3, 558, 7, 2, 569, 14, 2, 0),
(560, 18, 232, '01:39:19', 0.545739, '01:30:25', 16, 2, 366, 11, 2, 369, 15, 2, 0),
(561, 18, 142, '01:39:19', 0, '00:00:00', 16, 2, 269, NULL, 2, 0, 0, 2, 0),
(562, 18, 227, '01:41:05', 0.543087, '01:21:01', 18, 1, 178, 27, 1, 165, 0, 1, 0),
(563, 18, 181, '01:41:18', 0.493834, '01:39:55', 19, 1, 82, 15, 1, 86, 16, 1, 85),
(564, 18, 210, '02:05:36', 0.41543, '01:58:47', 28, 2, 517, 20, 2, 528, 25, 2, 0),
(565, 18, 174, '02:05:36', 0.422806, '01:56:43', 28, 5, 552, 19, 5, 553, 25, 5, 0),
(566, 18, 266, '01:49:54', 0.457136, '01:47:57', 27, 1, 348, 18, 1, 363, 24, 1, 0),
(567, 18, 261, '01:49:39', 0.56591, '01:27:12', 26, 2, 252, 8, 2, 280, 23, 2, 0),
(568, 18, 209, '01:49:03', 0.491843, '01:40:20', 25, 1, 256, 16, 1, 263, 22, 1, 0),
(569, 18, 175, '01:48:58', 0.487346, '01:41:15', 24, 2, 542, 17, 2, 547, 21, 2, 0),
(570, 18, 273, '01:43:24', 0.436085, '01:40:53', 23, 1, 255, 28, 1, 246, 0, 1, 0),
(571, 18, 195, '01:42:05', 0.500133, '01:38:40', 21, 1, 173, 14, 1, 174, 19, 1, 0),
(572, 18, 241, '01:42:05', 0.520207, '01:34:51', 21, 2, 170, 12, 2, 182, 19, 2, 0),
(573, 18, 254, '01:41:20', 0.507193, '01:37:18', 20, 1, 81, 13, 1, 88, 17, 1, 84),
(574, 18, 250, '01:41:20', 0, '00:00:00', 13, 1, 88, NULL, 1, 0, 17, 1, 84),
(575, 18, 277, '01:17:49', 0.569074, '01:17:19', 20, 1, 171, NULL, 1, 0, 0, 1, 0),
(576, 12, 204, '00:38:30', 0, '00:00:00', 1, 1, 599, NULL, 1, 0, 0, 6, 0),
(577, 12, 116, '00:38:32', 0.742174, '00:35:59', 2, 2, 596, 2, 3, 596, 0, 4, 0),
(578, 12, 265, '00:40:39', 0, '00:00:00', 3, 1, 484, NULL, 2, 92, 0, 3, 0),
(579, 12, 206, '00:40:52', 0, '00:00:00', 4, 1, 286, NULL, 2, 0, 1, 2, 0),
(580, 12, 6, '00:41:12', 0.711268, '00:37:33', 5, 1, 576, 3, 1, 582, 0, 2, 0),
(581, 12, 4, '00:41:43', 0.751768, '00:35:32', 6, 2, 581, 1, 1, 597, 0, 3, 0),
(582, 12, 20, '00:43:09', 0.630379, '00:42:22', 7, 4, 575, 4, 1, 574, 0, 6, 0),
(583, 12, 264, '00:44:00', 0.621555, '00:42:59', 8, 3, 376, 5, 1, 381, 0, 3, 0),
(584, 12, 205, '00:44:48', 0, '00:00:00', 9, 3, 284, NULL, 1, 97, 2, 3, 0),
(585, 12, 1, '00:48:37', 0, '00:00:00', 10, 1, 528, NULL, 1, 220, 0, 2, 0),
(586, 12, 220, '00:49:09', 0, '00:00:00', 1, 1, 592, NULL, 1, 0, 3, 1, 0),
(587, 12, 277, '00:49:11', 0.54825, '00:48:43', 11, 1, 171, NULL, 1, 0, 0, 1, 0),
(588, 12, 127, '00:51:27', 0.59794, '00:50:43', 1, 2, 600, 3, 1, 586, 4, 1, 0),
(589, 12, 149, '00:51:46', 0.616025, '00:49:14', 2, 1, 495, 2, 1, 493, 5, 2, 0),
(590, 12, 259, '00:51:47', 0.543601, '00:49:08', 3, 4, 588, 10, 1, 536, 0, 4, 0),
(591, 12, 83, '00:52:49', 0.59905, '00:44:35', 2, 1, 589, 7, 3, 562, 0, 4, 0),
(592, 12, 80, '00:54:42', 0.710949, '00:42:39', 3, 1, 580, 1, 1, 597, 6, 2, 0),
(593, 12, 66, '00:55:16', 0.572494, '00:46:40', 4, 1, 585, 8, 1, 561, 0, 4, 0),
(594, 12, 235, '00:55:56', 0.56069, '00:47:38', 4, 3, 581, 9, 1, 545, 0, 4, 0),
(595, 12, 145, '00:59:03', 0.5548, '00:54:40', 5, 1, 371, 4, 1, 380, 7, 1, 0),
(596, 12, 175, '01:08:00', 0.47714, '01:03:34', 8, 1, 542, 5, 1, 547, 9, 1, 0),
(597, 12, 138, '01:00:41', 0.602688, '00:44:19', 6, 1, 189, 6, 1, 188, 0, 4, 0),
(598, 12, 152, '01:07:14', 0.461881, '01:05:40', 7, 1, 184, 6, 1, 187, 8, 1, 0),
(599, 12, 266, '01:10:17', 0.437714, '01:09:17', 9, 1, 348, 7, 1, 363, 10, 1, 0),
(600, 24, 67, '04:25:46', 0.54171, '04:09:58', 5, 2, 557, 6, 2, 561, 7, 2, 0),
(601, 24, 72, '04:59:06', 0.466803, '04:23:23', 7, 3, 568, 11, 3, 541, 0, 3, 0),
(602, 18, 69, '01:16:02', 0.606025, '01:12:36', 2, 3, 600, 20, 4, 562, 0, 4, 0),
(603, 18, 88, '01:20:19', 0.634872, '01:09:18', 7, 2, 389, 14, 2, 363, 0, 2, 0),
(604, 11, 263, '00:26:51', 0, '00:00:00', 3, 3, 596, NULL, 1, 87, 2, 2, 0),
(605, 11, 110, '00:32:06', 0.545989, '00:28:45', 8, 2, 574, 12, 1, 539, 0, 2, 0),
(606, 11, 232, '00:35:08', 0.551704, '00:32:21', 8, 3, 366, 8, 1, 369, 11, 1, 0),
(607, 11, 129, '00:45:00', 0, '00:00:00', 13, 1, 88, NULL, 1, 0, 0, 1, 0);

-- --------------------------------------------------------

--
-- Table structure for table `tblraces`
--

CREATE TABLE `tblraces` (
  `raceID` int(4) NOT NULL,
  `raceName` varchar(64) NOT NULL,
  `raceDistance` varchar(16) NOT NULL,
  `raceWMADistanceKM` float(8,5) NOT NULL,
  `raceRoad` int(1) NOT NULL,
  `raceDate` date NOT NULL,
  `raceTime` time NOT NULL,
  `raceEntryPrice` float(5,2) NOT NULL,
  `raceIsOpenChampionship` tinyint(1) NOT NULL,
  `raceOpenChampionshipCategory` text NOT NULL,
  `raceIsShortChampionship` tinyint(1) NOT NULL
) ENGINE=InnoDB DEFAULT CHARSET=latin1;

--
-- Dumping data for table `tblraces`
--

INSERT INTO `tblraces` (`raceID`, `raceName`, `raceDistance`, `raceWMADistanceKM`, `raceRoad`, `raceDate`, `raceTime`, `raceEntryPrice`, `raceIsOpenChampionship`, `raceOpenChampionshipCategory`, `raceIsShortChampionship`) VALUES
(7, 'Keswick Round the Houses', '5.3Mi', 8.52952, 1, '2017-04-19', '00:00:00', 0.00, 1, 'S', 1),
(8, 'Hay O Trail', '6k', 6.00000, 1, '2017-05-23', '00:00:00', 0.00, 1, 'S', 1),
(9, 'Lambfoot Loop', '10k', 10.00000, 1, '2017-07-04', '19:00:00', 0.00, 1, 'S', 1),
(10, 'Sport in Action (SiA)', '10k', 10.00000, 1, '2017-08-27', '00:00:00', 0.00, 1, 'S', 1),
(11, 'Egremont Crab Fair', '6k', 6.00000, 1, '2017-09-12', '00:00:00', 0.00, 1, 'S', 1),
(12, 'Ravenstonedale', '10k', 10.00000, 1, '2017-11-25', '00:00:00', 0.00, 1, 'S', 1),
(13, 'Netherhall', '10Mi', 16.09344, 1, '2017-02-26', '11:00:00', 0.00, 1, 'M', 0),
(14, 'Three Village 10 Mile (Carlisle)', '10Mi', 16.09344, 1, '2017-04-09', '11:00:00', 15.00, 1, 'M', 0),
(15, 'Gosforth', '10Mi', 16.09344, 1, '2017-06-14', '19:00:00', 0.00, 1, 'M', 0),
(16, 'Cumberland Ale', '10Mi', 16.09344, 1, '2017-09-17', '11:00:00', 0.00, 1, 'M', 0),
(17, 'Derwentwater', '10Mi', 16.09344, 1, '2017-11-05', '12:00:00', 0.00, 1, 'M', 0),
(18, 'Brampton to Carlisle', '10Mi', 16.09344, 1, '2017-11-19', '00:00:00', 0.00, 1, 'M', 0),
(19, 'Haweswater', '1/2 Marathon', 21.09750, 1, '2017-03-05', '11:30:00', 16.50, 1, 'L', 0),
(20, 'Coniston 14', '13.8Mi', 22.20895, 1, '2017-03-25', '11:00:00', 25.00, 1, 'L', 0),
(21, 'Keswick', '1/2 Marathon', 21.09750, 1, '2017-04-30', '00:00:00', 0.00, 1, 'L', 0),
(22, 'Dumfries', '1/2 Marathon', 21.09750, 1, '2017-09-10', '00:00:00', 0.00, 1, 'L', 0),
(23, 'Heart of Eden', '1/2 Marathon', 21.09750, 1, '2017-10-15', '11:00:00', 0.00, 1, 'L', 0),
(24, 'Any Marathon', 'Marathon', 42.19500, 1, '2017-12-31', '00:00:00', 0.00, 1, 'L', 0),
(25, 'Lorton School', '10k', 10.00000, 1, '2017-03-11', '11:00:00', 7.00, 0, '', 1),
(26, 'Isel Cross', '5.5Mi', 8.85139, 1, '2017-04-15', '11:00:00', 0.00, 0, '', 1),
(27, 'Carlisle Tri', '10k', 10.00000, 1, '2017-06-07', '19:00:00', 12.00, 0, '', 1),
(29, 'Gosforth', '10k', 10.00000, 1, '2017-09-05', '18:30:00', 0.00, 0, '', 1),
(30, 'Ulverston Pudding Run', '10k', 10.00000, 1, '2017-12-03', '00:00:00', 0.00, 0, '', 1),
(31, 'CFR Christmas Pudding', '5.5k', 5.50000, 1, '2017-12-17', '00:00:00', 0.00, 0, '', 1);

-- --------------------------------------------------------

--
-- Table structure for table `tblrunners`
--

CREATE TABLE `tblrunners` (
  `RunnerID` int(4) NOT NULL,
  `RunnerFirstName` varchar(24) NOT NULL,
  `RunnerLastName` varchar(24) NOT NULL,
  `RunnerDivision` int(11) DEFAULT NULL,
  `RunnerSubsPaid` text,
  `RunnerDOB` date DEFAULT NULL,
  `RunnerSex` text,
  `RunnerPhone` text,
  `RunnerFirstLineAddress` text,
  `RunnerTownCity` text,
  `RunnerPostcode` text,
  `RunnerEmail` text,
  `RunnerShortChampEligible` text
) ENGINE=InnoDB DEFAULT CHARSET=latin1;

--
-- Dumping data for table `tblrunners`
--

INSERT INTO `tblrunners` (`RunnerID`, `RunnerFirstName`, `RunnerLastName`, `RunnerDivision`, `RunnerSubsPaid`, `RunnerDOB`, `RunnerSex`, `RunnerPhone`, `RunnerFirstLineAddress`, `RunnerTownCity`, `RunnerPostcode`, `RunnerEmail`, `RunnerShortChampEligible`) VALUES
(1, 'Stuart', 'Pyne', 1, 'Y', '1984-11-06', 'M', '07933168712', '151 Newlands Lane South', 'Workington', 'CA14 3NW', 'my.pyne@gmail.com', 'Y'),
(2, 'Shane', 'Stobbart', 1, 'Y', '1985-12-27', 'M', '', '', '', '', '', 'Y'),
(3, 'Lee', 'Sice', 1, 'Y', '1976-05-17', 'M', '', '', '', '', '', 'Y'),
(4, 'Antony', 'Briscoe', 1, 'Y', '1962-03-20', 'M', '', '', '', '', '', 'Y'),
(5, 'Lucy', 'Stobbart', 1, 'Y', '1985-10-27', 'F', '', '', '', '', '', 'Y'),
(6, 'Peter', 'Bennett', 1, 'Y', '1970-02-12', 'M', '', '', '', '', '', 'Y'),
(7, 'Peter', 'Milligan', 1, 'Y', '1983-08-17', 'M', '', '', '', '', '', 'Y'),
(8, 'Philip', 'Meloy', 1, 'Y', '1976-05-18', 'M', '', '', '', '', '', 'Y'),
(9, 'Errick', 'Hannah', 1, 'Y', '1956-11-10', 'M', '', '', '', '', '', 'Y'),
(10, 'David', 'Cain', 1, 'Y', '1956-05-02', 'M', '', '', '', '', '', 'Y'),
(11, 'Susan', 'Cain', 1, 'Y', '1956-07-12', 'F', '', '', '', '', '', 'Y'),
(12, 'Graham', 'Leggett', 1, 'Y', '1966-06-15', 'M', '', '', '', '', '', 'Y'),
(13, 'Sean', 'Exley', 1, 'Y', '1990-08-02', 'M', '', '', '', '', '', 'Y'),
(14, 'Gary', 'Pala', 1, 'Y', '1982-08-29', 'M', '', '', '', '', '', 'Y'),
(15, 'David', 'Chapman', 1, 'Y', '1970-03-11', 'M', '', '', '', '', '', 'Y'),
(16, 'Christopher', 'Wear', 1, 'Y', '1972-04-25', 'M', '', '', '', '', '', 'Y'),
(17, 'Richard', 'Murdock', 1, 'N', '0000-00-00', 'M', '', '', '', '', '', 'Y'),
(18, 'Ian', 'McDougall', 1, 'Y', '1964-01-22', 'M', '', '', '', '', '', 'Y'),
(19, 'Sarah', 'Chaudhri', 1, 'Y', '1962-12-17', 'F', '', '', '', '', '', 'Y'),
(20, 'Ian', 'Wilson', 1, 'Y', '1980-04-30', 'M', '', '', '', '', '', 'Y'),
(21, 'David', 'Bowness', 1, 'Y', '1962-05-12', 'M', '', '', '', '', '', 'Y'),
(22, 'Paul', 'Schofield', 1, 'Y', '1980-06-01', 'M', '', '', '', '', '', 'Y'),
(23, 'Gerard', 'Mulgrew', 1, 'N', '0000-00-00', 'M', '', '', '', '', '', 'Y'),
(24, 'Tony', 'Holliday', 1, 'Y', '1967-11-04', 'M', '', '', '', '', '', 'Y'),
(25, 'Paul', 'Jackson', 1, 'Y', '1974-03-04', 'M', '', '', '', '', '', 'Y'),
(26, 'Dean', 'Mason', 1, 'N', '0000-00-00', 'M', '', '', '', '', '', 'Y'),
(27, 'Alyxandra', 'Petre', 1, 'N', '0000-00-00', 'F', '', '', '', '', '', 'Y'),
(28, 'Paul', 'Todd', 1, 'Y', '1971-10-28', 'M', '', '', '', '', '', 'Y'),
(29, 'Toby', 'Fisher', 1, 'N', '0000-00-00', 'M', '', '', '', '', '', 'Y'),
(30, 'David', 'Parke', 1, 'N', '0000-00-00', 'M', '', '', '', '', '', 'Y'),
(31, 'Richard', 'Millener', 1, 'Y', '1984-04-21', 'M', '', '', '', '', '', 'Y'),
(32, 'Alan', 'McKee', 1, 'Y', '1967-05-25', 'M', '', '', '', '', '', 'Y'),
(33, 'Steven', 'Brown', 1, 'N', '0000-00-00', 'M', '', '', '', '', '', 'Y'),
(34, 'Richard', 'Elliott', 1, 'Y', '1966-08-07', 'M', '', '', '', '', '', 'Y'),
(35, 'Michael', 'Hawley', 1, 'Y', '1986-02-05', 'M', '', '', '', '', '', 'Y'),
(36, 'Nathan', 'Gray', 1, 'N', '0000-00-00', 'M', '', '', '', '', '', 'Y'),
(37, 'Rachel', 'Jeff', 1, 'Y', '1979-03-15', 'F', '', '', '', '', '', 'Y'),
(38, 'Paul', 'Greeson', 1, 'Y', '1971-09-29', 'M', '', '', '', '', '', 'Y'),
(39, 'Kevin', 'McAdam', 1, 'Y', '1979-09-30', 'M', '', '', '', '', '', 'Y'),
(40, 'Emma', 'Gregory', 1, 'Y', '1981-06-06', 'F', '', '', '', '', '', 'Y'),
(41, 'Danielle', 'Burrows', 1, 'Y', '1987-04-07', 'F', '', '', '', '', '', 'Y'),
(42, 'Terry', 'Murdock', 1, 'Y', '1959-09-29', 'M', '', '', '', '', '', 'Y'),
(44, 'Kelly', 'Barratt', 1, 'N', '0000-00-00', 'F', '', '', '', '', '', 'Y'),
(45, 'David', 'Burton', 1, 'N', '0000-00-00', 'M', '', '', '', '', '', 'Y'),
(46, 'Gary', 'Byers', 1, 'Y', '1962-02-09', 'M', '', '', '', '', '', 'Y'),
(47, 'Shaun', 'Cavanagh', 1, 'Y', '1965-02-11', 'M', '', '', '', '', '', 'Y'),
(48, 'Richard', 'Eastoe', 1, 'Y', '1954-05-17', 'M', '', '', '', '', '', 'Y'),
(49, 'Elfyn', 'Evans', 1, 'N', '0000-00-00', 'F', '', '', '', '', '', 'Y'),
(50, 'David', 'Goodall', 1, 'Y', '1968-08-16', 'M', '', '', '', '', '', 'Y'),
(51, 'David', 'Hodgson', 1, 'N', '0000-00-00', 'M', '', '', '', '', '', 'Y'),
(52, 'Michelle', 'Hodgson', 1, 'N', '0000-00-00', 'F', '', '', '', '', '', 'Y'),
(53, 'Peter', 'Jenkinson', 1, 'N', '0000-00-00', 'M', '', '', '', '', '', 'Y'),
(54, 'Howard', 'Kirkbride', 1, 'N', '0000-00-00', 'M', '', '', '', '', '', 'Y'),
(55, 'Keith', 'McVeigh', 1, 'Y', '1955-09-19', 'M', '', '', '', '', '', 'Y'),
(56, 'Tony', 'Mounsey', 1, 'N', '0000-00-00', 'M', '', '', '', '', '', 'Y'),
(57, 'Patricia', 'Parker', 1, 'Y', '1954-03-04', 'F', '', '', '', '', '', 'Y'),
(58, 'Andrew', 'Ridgway', 1, 'Y', '1966-02-06', 'M', '', '', '', '', '', 'Y'),
(59, 'Alex', 'Roberts', 1, 'N', '0000-00-00', 'M', '', '', '', '', '', 'Y'),
(60, 'Melanie', 'Tapodi', 1, 'N', '0000-00-00', 'F', '', '', '', '', '', 'Y'),
(61, 'Karl', 'Todd', 1, 'N', '0000-00-00', 'M', '', '', '', '', '', 'Y'),
(62, 'Eric', 'Williams', 1, 'Y', '1956-05-06', 'M', '', '', '', '', '', 'Y'),
(64, 'Richard', 'Jewell', 2, 'Y', '1972-10-06', 'M', '', '', '', '', '', 'Y'),
(65, 'Leanne', 'Roberts', 2, 'Y', '1982-11-19', 'F', '', '', '', '', '', 'Y'),
(66, 'Stuart', 'Buchanan', 2, 'Y', '1961-01-21', 'M', '', '', '', '', '', 'Y'),
(67, 'Andrea', 'Fell', 2, 'Y', '1973-04-14', 'F', '', '', '', '', '', 'Y'),
(68, 'Sarah', 'Edwards', 2, 'Y', '1967-05-06', 'F', '', '', '', '', '', 'Y'),
(69, 'Richard', 'Williams', 2, 'Y', '1975-10-17', 'M', '', '', '', '', '', 'Y'),
(70, 'Gillian', 'Baxter', 2, 'Y', '1960-11-05', 'F', '', '', '', '', '', 'Y'),
(71, 'William', 'Cunningham', 2, 'Y', '1966-08-24', 'M', '', '', '', '', '', 'Y'),
(72, 'Chris', 'Whitby', 2, 'Y', '1965-02-24', 'M', '', '', '', '', '', 'Y'),
(73, 'Rhiannon', 'Jones', 2, 'Y', '1977-07-24', 'F', '', '', '', '', '', 'Y'),
(74, 'Tracey', 'Owen', 2, 'Y', '1978-09-08', 'F', '', '', '', '', '', 'Y'),
(75, 'John', 'Cunningham', 2, 'Y', '1967-04-23', 'M', '', '', '', '', '', 'Y'),
(76, 'Tony', 'Jewell', 2, 'Y', '1951-07-26', 'M', '', '', '', '', '', 'Y'),
(77, 'Deborah', 'Redmond', 2, 'Y', '1961-08-23', 'F', '', '', '', '', '', 'Y'),
(78, 'Craig', 'Hatch', 2, 'Y', '1964-11-13', 'M', '', '', '', '', '', 'Y'),
(79, 'Philip', 'Hawley', 2, 'Y', '1953-01-12', 'M', '', '', '', '', '', 'Y'),
(80, 'Margaret', 'Hawley', 2, 'Y', '1957-03-08', 'F', '', '', '', '', '', 'Y'),
(81, 'Alison', 'Andrew', 2, 'Y', '1965-06-17', 'F', '', '', '', '', '', 'Y'),
(83, 'Paul', 'Martin', 2, 'Y', '1961-03-01', 'M', '', '', '', '', '', 'Y'),
(84, 'Mark', 'Greaves', 2, 'Y', '1962-05-23', 'M', '', '', '', '', '', 'Y'),
(85, 'Fran', 'Gray', 2, 'N', '0000-00-00', 'F', '', '', '', '', '', 'Y'),
(86, 'Bev', 'Faulder', 2, 'Y', '1974-10-19', 'F', '', '', '', '', '', 'Y'),
(87, 'Sarah', 'Goulding', 2, 'N', '0000-00-00', 'F', '', '', '', '', '', 'Y'),
(88, 'Graham', 'Hetherington', 2, 'Y', '1963-08-13', 'M', '', '', '', '', '', 'Y'),
(89, 'Tony', 'Martin', 2, 'Y', '1981-10-10', 'M', '', '', '', '', '', 'Y'),
(90, 'Joseph', 'Walker', 2, 'Y', '1949-04-23', 'M', '', '', '', '', '', 'Y'),
(91, 'Stefan', 'Wise', 2, 'N', '0000-00-00', 'M', '', '', '', '', '', 'Y'),
(92, 'Helen', 'Armstrong', 2, 'N', '0000-00-00', 'F', '', '', '', '', '', 'Y'),
(93, 'Sara', 'Campbell', 2, 'N', '0000-00-00', 'F', '', '', '', '', '', 'Y'),
(94, 'Sarah', 'Caton', 2, 'N', '0000-00-00', 'F', '', '', '', '', '', 'Y'),
(95, 'Gay', 'Eastoe', 2, 'Y', '1953-10-30', 'F', '', '', '', '', '', 'Y'),
(96, 'Dawn', 'Gainford', 2, 'N', '0000-00-00', 'F', '', '', '', '', '', 'Y'),
(97, 'Allison', 'Hall', 2, 'N', '0000-00-00', 'F', '', '', '', '', '', 'Y'),
(98, 'David', 'Heaton', 2, 'Y', '1961-03-02', 'M', '', '', '', '', '', 'Y'),
(99, 'Sheila', 'McVeigh', 2, 'Y', '1955-07-30', 'F', '', '', '', '', '', 'Y'),
(100, 'John', 'Musgrave', 2, 'N', '0000-00-00', 'M', '', '', '', '', '', 'Y'),
(101, 'Andrew', 'Norman', 2, 'N', '0000-00-00', 'M', '', '', '', '', '', 'Y'),
(102, 'Joanne', 'Percival', 2, 'N', '0000-00-00', 'F', '', '', '', '', '', 'Y'),
(103, 'Richard', 'Potter', 2, 'N', '0000-00-00', 'M', '', '', '', '', '', 'Y'),
(104, 'Carly', 'Price', 2, 'N', '0000-00-00', 'F', '', '', '', '', '', 'Y'),
(105, 'Anthony', 'Richardson', 2, 'N', '0000-00-00', 'M', '', '', '', '', '', 'Y'),
(106, 'John', 'Steele', 2, 'N', '0000-00-00', 'M', '', '', '', '', '', 'Y'),
(107, 'James', 'Welsh', 2, 'N', '0000-00-00', 'M', '', '', '', '', '', 'Y'),
(108, 'Daniel', 'Wise', 2, 'N', '0000-00-00', 'M', '', '', '', '', '', 'Y'),
(109, 'Jacqueline', 'Bennett', 3, 'Y', '1975-08-08', 'F', '', '', '', '', '', 'Y'),
(110, 'Allan', 'Gribbin', 2, 'Y', '1969-11-06', 'M', '', '', '', '', '', 'Y'),
(111, 'Jackson', 'Kelly', 3, 'N', '0000-00-00', 'M', '', '', '', '', '', 'Y'),
(112, 'John', 'Lewis', 3, 'Y', '1950-01-06', 'M', '', '', '', '', '', 'Y'),
(113, 'Stella', 'Atherton', 3, 'Y', '1970-01-03', 'F', '', '', '', '', '', 'Y'),
(114, 'Veronica', 'Eilbeck', 3, 'N', '0000-00-00', 'F', '', '', '', '', '', 'Y'),
(115, 'Susan', 'Sowerby', 3, 'Y', '1970-07-10', 'F', '', '', '', '', '', 'Y'),
(116, 'Kevin', 'Wallace', 1, 'Y', '1973-10-27', 'M', '', '', '', '', '', 'Y'),
(117, 'Tracey', 'Taylor', 3, 'Y', '1972-04-20', 'F', '', '', '', '', '', 'Y'),
(118, 'Lee', 'Blackwell', 3, 'Y', '1977-05-02', 'M', '', '', '', '', '', 'Y'),
(119, 'Emma', 'Rowntree', 2, 'Y', '1978-03-14', 'F', '', '', '', '', '', 'Y'),
(120, 'Zoe', 'Blackwell', 3, 'N', '0000-00-00', 'F', '', '', '', '', '', 'Y'),
(121, 'Tanya', 'Stobbart', 3, 'N', '0000-00-00', 'F', '', '', '', '', '', 'Y'),
(122, 'Geoff', 'Harrington', 3, 'N', '0000-00-00', 'M', '', '', '', '', '', 'Y'),
(123, 'Karen', 'Bowler', 3, 'Y', '1949-10-22', 'F', '', '', '', '', '', 'Y'),
(124, 'Joseph', 'Cole', 3, 'Y', '1979-06-07', 'M', '', '', '', '', '', 'Y'),
(125, 'Tim', 'Bowler', 3, 'Y', '1949-10-04', 'M', '', '', '', '', '', 'Y'),
(126, 'Helen', 'Thwaite', 3, 'N', '0000-00-00', 'F', '', '', '', '', '', 'Y'),
(127, 'Sian', 'Dempster', 3, 'Y', '1980-11-27', 'F', '', '', '', '', '', 'Y'),
(128, 'Carole', 'Burnie', 3, 'Y', '1959-09-20', 'F', '', '', '', '', '', 'Y'),
(129, 'Norman', 'Ball', 3, 'Y', '0000-00-00', 'M', '', '', '', '', '', 'Y'),
(130, 'Louise', 'Bell', 3, 'N', '0000-00-00', 'F', '', '', '', '', '', 'Y'),
(131, 'John', 'Thompson', 3, 'Y', '1955-07-21', 'M', '', '', '', '', '', 'Y'),
(132, 'Laura', 'Bowness', 3, 'Y', '1979-11-07', 'F', '', '', '', '', '', 'Y'),
(133, 'Robert', 'Fearon', 3, 'Y', '1975-03-19', 'M', '', '', '', '', '', 'Y'),
(134, 'Tracy', 'Godwin', 3, 'Y', '1975-02-06', 'F', '', '', '', '', '', 'Y'),
(135, 'Emma', 'Bzik', 3, 'Y', '1978-10-24', 'F', '', '', '', '', '', 'Y'),
(136, 'Rachael', 'Fearon', 3, 'Y', '1978-07-26', 'F', '', '', '', '', '', 'Y'),
(137, 'Stephen', 'Watson', 3, 'Y', '1940-07-05', 'M', '', '', '', '', '', 'Y'),
(138, 'Craig', 'Kershaw', 3, 'Y', '1946-12-29', 'M', '', '', '', '', '', 'Y'),
(139, 'Hayley', 'Hodgson', 3, 'Y', '1986-03-21', 'F', '', '', '', '', '', 'Y'),
(140, 'Rebecca', 'Armstrong', 3, 'N', '0000-00-00', 'F', '', '', '', '', '', 'Y'),
(141, 'Leanne', 'Bailiff', 3, 'N', '0000-00-00', 'F', '', '', '', '', '', 'Y'),
(142, 'Robin', 'Bell', 3, 'Y', '0000-00-00', 'M', '', '', '', '', '', 'Y'),
(143, 'Julie', 'Boag', 3, NULL, NULL, 'F', NULL, NULL, NULL, NULL, NULL, 'Y'),
(144, 'Ian', 'Brannan', 3, 'Y', '1973-11-13', 'M', '', '', '', '', '', 'Y'),
(145, 'Denise', 'Butler', 3, 'Y', '1971-09-22', 'F', '', '', '', '', '', 'Y'),
(146, 'Vikki', 'Byrne', 3, 'Y', '1981-01-29', 'F', '', '', '', '', '', 'Y'),
(147, 'Kelly', 'Carruthers', 3, 'N', '0000-00-00', 'F', '', '', '', '', '', 'Y'),
(148, 'Karen', 'Cavanagh', 3, 'Y', '1966-03-24', 'F', '', '', '', '', '', 'Y'),
(149, 'Andrea', 'Challenger', 3, 'Y', '1974-09-12', 'F', '', '', '', '', '', 'Y'),
(150, 'Fayyaz', 'Chaudhri', 3, 'Y', '1960-09-04', 'M', '', '', '', '', '', 'Y'),
(151, 'Diane', 'Connor', 3, 'N', '0000-00-00', 'F', '', '', '', '', '', 'Y'),
(152, 'Diana', 'Cooper', 3, 'Y', '1978-07-10', 'F', '', '', '', '', '', 'Y'),
(153, 'Kristy', 'Crone', 3, 'N', '0000-00-00', 'F', '', '', '', '', '', 'Y'),
(154, 'Stacey', 'Curwen', 3, 'N', '0000-00-00', 'F', '', '', '', '', '', 'Y'),
(155, 'Susan', 'Denham-Smith', 3, 'N', '0000-00-00', 'F', '', '', '', '', '', 'Y'),
(156, 'Gemma', 'Dobson', 3, 'Y', '1980-08-10', 'F', '', '', '', '', '', 'Y'),
(157, 'Giulia', 'Donaughee', 3, 'N', '0000-00-00', 'F', '', '', '', '', '', 'Y'),
(158, 'Kelly', 'Edgar', 3, 'N', '0000-00-00', 'F', '', '', '', '', '', 'Y'),
(159, 'Kylie', 'Edgar', 3, 'N', '0000-00-00', 'F', '', '', '', '', '', 'Y'),
(160, 'Ruth', 'Elliot', 3, 'N', '0000-00-00', 'F', '', '', '', '', '', 'Y'),
(161, 'Shane', 'Fox', 3, 'Y', '1980-01-19', 'M', '', '', '', '', '', 'Y'),
(162, 'Linzi', 'Fulton', 3, 'N', '0000-00-00', 'F', '', '', '', '', '', 'Y'),
(163, 'Karen', 'Gahan', 3, 'Y', '0000-00-00', 'F', '', '', '', '', '', 'Y'),
(164, 'Claire', 'Green', 3, 'N', '0000-00-00', 'F', '', '', '', '', '', 'Y'),
(165, 'Linzi', 'Hall', 3, 'N', '0000-00-00', 'F', '', '', '', '', '', 'Y'),
(166, 'Sarah', 'Hawley', 3, 'N', '0000-00-00', 'F', '', '', '', '', '', 'Y'),
(167, 'Kerry', 'Heaton', 3, 'Y', '1987-08-26', 'F', '', '', '', '', '', 'Y'),
(168, 'Sandra', 'Heaton', 3, 'Y', '1962-11-08', 'F', '', '', '', '', '', 'Y'),
(169, 'Damon', 'Hillhouse', 3, 'N', '0000-00-00', 'M', '', '', '', '', '', 'Y'),
(170, 'Julie', 'Hudson', 3, 'N', '0000-00-00', 'F', '', '', '', '', '', 'Y'),
(171, 'Julie', 'Irving', 3, 'N', '0000-00-00', 'F', '', '', '', '', '', 'Y'),
(173, 'Robyn', 'Jewell', 3, 'Y', '1976-08-06', 'F', '', '', '', '', '', 'Y'),
(174, 'Carolyn', 'Johnson', 3, 'Y', '1972-03-15', 'F', '', '', '', '', '', 'Y'),
(175, 'Tracey', 'Kennett', 3, 'Y', '1972-09-05', 'F', '', '', '', '', '', 'Y'),
(176, 'Claire', 'Knoery', 3, 'N', '0000-00-00', 'F', '', '', '', '', '', 'Y'),
(177, 'Jeanette', 'Lord', 3, 'N', '0000-00-00', 'F', '', '', '', '', '', 'Y'),
(178, 'Tom', 'Majchrowski', 3, 'N', '0000-00-00', 'M', '', '', '', '', '', 'Y'),
(179, 'Vicky', 'Mason', 3, 'N', '0000-00-00', 'F', '', '', '', '', '', 'Y'),
(180, 'Ross', 'McLaughlin', 2, 'Y', '1987-11-20', 'M', '', '', '', '', '', 'Y'),
(181, 'Amie', 'Meloy', 3, 'Y', '1981-10-23', 'F', '', '', '', '', '', 'Y'),
(182, 'Karen', 'Mitchell', 3, 'Y', '1980-03-21', 'F', '', '', '', '', '', 'Y'),
(183, 'Alan', 'Mullen', 3, 'Y', '1971-02-16', 'M', '', '', '', '', '', 'Y'),
(184, 'Bryony', 'Nicholls', 3, 'Y', '1978-09-09', 'F', '', '', '', '', '', 'Y'),
(185, 'Ian', 'Puddefoot', 3, 'Y', '1956-06-11', 'M', '', '', '', '', '', 'Y'),
(186, 'Lynn', 'Sandham', 3, 'Y', '1976-07-12', 'F', '', '', '', '', '', 'Y'),
(187, 'Lindsey', 'Sharpe', 3, 'N', '0000-00-00', 'F', '', '', '', '', '', 'Y'),
(188, 'Emma', 'Skelton', 3, 'N', '0000-00-00', 'F', '', '', '', '', '', 'Y'),
(189, 'Robert', 'Smith', 3, 'Y', '1976-12-13', 'M', '', '', '', '', '', 'Y'),
(190, 'Cheryl', 'Stalker', 3, 'Y', '1988-04-30', 'F', '', '', '', '', '', 'Y'),
(191, 'Claire', 'Stewart', 3, 'Y', '1974-04-07', 'F', '', '', '', '', '', 'Y'),
(192, 'Rachel', 'Stobbart', 3, 'N', '0000-00-00', 'F', '', '', '', '', '', 'Y'),
(193, 'Shirley', 'Stobbart', 3, 'N', '0000-00-00', 'F', '', '', '', '', '', 'Y'),
(194, 'Leslie', 'Taylor', 3, 'N', '0000-00-00', 'F', '', '', '', '', '', 'Y'),
(195, 'Ellie', 'Thompsett', 3, 'Y', '1977-04-29', 'F', '', '', '', '', '', 'Y'),
(196, 'Barbara', 'Thompson', 3, 'Y', '1956-03-28', 'F', '', '', '', '', '', 'Y'),
(197, 'Karen', 'Watson', 3, 'Y', '1970-06-15', 'F', '', '', '', '', '', 'Y'),
(198, 'Rachel', 'White', 3, 'N', '0000-00-00', 'F', '', '', '', '', '', 'Y'),
(199, 'Zoe', 'Wilson', 3, 'N', '0000-00-00', 'F', '', '', '', '', '', 'Y'),
(200, 'Sarah', 'Alcorn', 2, 'Y', '1989-06-12', 'F', '', '', '', '', '', 'Y'),
(201, 'Heather', 'Allenby', 3, 'Y', '1991-07-30', 'F', '', '', '', '', '', 'Y'),
(202, 'Sue', 'Booth', 3, 'Y', '1962-06-08', 'F', '', '', '', '', '', 'Y'),
(203, 'Colin', 'Clegg', 3, 'Y', '1954-04-27', 'M', '01436 650138', '27 Tom A Mhoid, Rosneath', 'Helensburgh', 'G84 0RE', 'cclegg04@hotmail.co.uk', 'Y'),
(204, 'Carl', 'Fisher', 1, 'Y', '1989-03-08', 'M', '', '', '', '', '', 'Y'),
(205, 'Natalie', 'McCarron', 1, 'Y', '1985-03-27', 'F', '', '', '', '', '', 'Y'),
(206, 'Nadia', 'Shaw', 1, 'Y', '1985-03-27', 'F', '', '', '', '', '', 'Y'),
(208, 'Pauline', 'Lawson', 3, 'Y', '1952-08-22', 'F', '', '', '', '', '', 'Y'),
(209, 'Alyson', 'Sibbald', 3, 'Y', '1971-04-17', 'F', '', '', '', '', '', 'Y'),
(210, 'Jean-Ann', 'Gate', 3, 'Y', '1974-03-26', 'F', '', '', '', '', '', 'Y'),
(211, 'Dawn', 'Allison', 3, 'Y', '0000-00-00', 'F', '', '', '', '', '', 'Y'),
(212, 'Stephen', 'Atherton', 3, 'Y', '1965-05-05', 'M', '', '', '', '', '', 'Y'),
(213, 'Julia', 'Barron', 3, 'Y', '0000-00-00', 'F', '', '', '', '', '', 'Y'),
(214, 'Richard', 'Barron', 3, 'Y', '0000-00-00', 'M', '', '', '', '', '', 'Y'),
(215, 'Lindsey', 'Cairns', 2, 'Y', '1980-11-22', 'F', '', '', '', '', '', 'Y'),
(216, 'Mark', 'Cairns', 2, 'Y', '1982-04-16', 'M', '', '', '', '', '', 'Y'),
(217, 'Amy', 'Coan', 2, 'Y', '1987-10-16', 'F', '', '', '', '', '', 'Y'),
(218, 'Neil', 'Daniel', 2, 'Y', '0000-00-00', 'M', '', '', '', '', '', 'Y'),
(219, 'Tanya', 'Daniel', 3, 'Y', '0000-00-00', 'F', '', '', '', '', '', 'Y'),
(220, 'Vic', 'Wilson', 2, 'Y', '1983-08-14', 'F', '', '', '', '', '', 'Y'),
(222, 'Pamela', 'Foster', 3, 'Y', '1987-12-10', 'F', '', '', '', '', '', 'Y'),
(223, 'Joanne', 'Frazer', 3, 'Y', '1982-04-17', 'F', '', '', '', '', '', 'Y'),
(224, 'Stephanie', 'Gribbin', 3, 'Y', '1974-03-10', 'F', '', '', '', '', '', 'Y'),
(225, 'Lewis', 'Gribbin', 3, 'Y', '1994-10-13', 'M', '', '', '', '', '', 'Y'),
(226, 'Frank', 'Hewer', 2, 'Y', '1973-07-05', 'M', '', '', '', '', '', 'Y'),
(227, 'Phil', 'Hughes', 3, 'Y', '1955-06-07', 'M', '', '', '', '', '', 'Y'),
(228, 'Amber', 'Jackson', 3, 'Y', '1991-04-18', 'F', '', '', '', '', '', 'Y'),
(229, 'Raymond', 'Keenan', 3, 'Y', '1969-10-08', 'M', '', '', '', '', '', 'Y'),
(230, 'Tracey', 'Knowles', 3, 'Y', '1969-09-30', 'F', '', '', '', '', '', 'Y'),
(231, 'Josh', 'McMean', 1, 'Y', '1992-02-29', 'M', '', '', '', '', '', 'Y'),
(232, 'Catherine', 'Nicholson', 3, 'Y', '1970-06-04', 'F', '', '', '', '', '', 'Y'),
(233, 'Sheryl', 'Parkinson', 1, 'Y', '1981-01-26', 'F', '', '', '', '', '', 'Y'),
(234, 'Annabelle', 'Porter', 1, 'Y', '1991-08-25', 'F', '', '', '', '', '', 'Y'),
(235, 'Malcolm', 'Wood', 3, 'Y', '1962-08-23', 'M', '', '', '', '', '', 'Y'),
(236, 'Leanne', 'Wilding', 3, 'Y', '1986-09-14', 'F', '', '', '', '', '', 'Y'),
(237, 'Hayden', 'Whithead', 2, 'Y', '0000-00-00', 'M', '', '', '', '', '', 'Y'),
(238, 'Nigel', 'Todhunter', 2, 'Y', '1963-05-04', 'M', '', '', '', '', '', 'Y'),
(239, 'Jackie', 'Todhunter', 3, 'Y', '1964-04-19', 'F', '', '', '', '', '', 'Y'),
(240, 'Peter', 'Telford', 2, 'Y', '1972-08-16', 'M', '', '', '', '', '', 'Y'),
(241, 'Lorraine', 'Telford', 3, 'Y', '1972-07-06', 'F', '', '', '', '', '', 'Y'),
(242, 'Karen', 'Stoddart', 3, 'Y', '1971-11-16', 'F', '', '', '', '', '', 'Y'),
(243, 'Billy', 'Stobbart', 1, 'Y', '1979-06-02', 'M', '', '', '', '', '', 'Y'),
(244, 'Gary', 'Stepenson', 1, 'Y', '1983-02-14', 'M', '', '', '', '', '', 'Y'),
(245, 'Natalie', 'Steele', 2, 'Y', '1981-01-23', 'F', '', '', '', '', '', 'Y'),
(246, 'Stephanie', 'Shaw', 1, 'Y', '1981-01-31', 'F', '', '', '', '', '', 'Y'),
(247, 'Mollie', 'Sewell', 3, 'Y', '1996-09-27', 'F', '', '', '', '', '', 'Y'),
(248, 'Roxanna', 'Schofield', 3, 'Y', '1983-03-29', 'F', '', '', '', '', '', 'Y'),
(249, 'Adele', 'Rothery', 2, 'Y', '0000-00-00', 'F', '', '', '', '', '', 'Y'),
(250, 'Loren', 'Redmond', 2, 'Y', '1984-06-30', 'F', '', '', '', '', '', 'Y'),
(251, 'Kelly', 'Parsons', 2, 'Y', '0000-00-00', 'F', '', '', '', '', '', 'Y'),
(252, 'Helen', 'McCarthy', 2, 'Y', '0000-00-00', 'F', '', '', '', '', '', 'Y'),
(253, 'Kerry', 'Lee', 3, 'Y', '1983-12-24', 'F', '', '', '', '', '', 'Y'),
(254, 'Claire', 'Jackson', 3, 'Y', '1976-06-30', 'F', '', '', '', '', '', 'Y'),
(255, 'Julie', 'Hodgson', 3, 'Y', '0000-00-00', 'F', '', '', '', '', '', 'Y'),
(256, 'Stephen', 'Hodgson', 2, 'Y', '0000-00-00', 'M', '', '', '', '', '', 'Y'),
(257, 'Dion', 'Bland', 3, 'Y', '0000-00-00', 'F', '', '', '', '', '', 'Y'),
(258, 'Stephen', 'Smith', 3, 'Y', '1959-11-13', 'M', '', '', '', '', '', 'Y'),
(259, 'Nicholas', 'Downes', 3, 'Y', '1975-01-16', 'M', '', '', '', '', '', 'Y'),
(261, 'Mandy', 'Hays', 3, 'Y', '1959-03-10', 'F', '', '', '', '', '', 'Y'),
(262, 'Tracey', 'Shaw', 3, 'Y', '1980-07-02', 'F', '', '', '', '', '', 'Y'),
(263, 'Beverley', 'Smith', 2, 'Y', '1983-05-18', 'F', '', '', '', '', '', 'Y'),
(264, 'Jonathan', 'Buckley', 1, 'Y', '1979-02-16', 'M', '', '', '', '', '', 'Y'),
(265, 'Jordan', 'Kelly', 1, 'Y', '1993-07-19', 'M', '', '', '', '', '', 'Y'),
(266, 'Elizabeth', 'Dodd', 3, 'Y', '1980-11-16', 'F', '', '', '', '', '', 'Y'),
(267, 'Kerry', 'Crelling', 3, 'Y', '1978-12-15', 'F', '', '', '', '', '', 'Y'),
(268, 'Elaine', 'Denham', 3, 'Y', '1972-12-12', 'F', '', '', '', '', '', 'Y'),
(269, 'Adrian', 'Hadley', 3, 'Y', '1979-07-27', 'M', '', '', '', '', '', 'Y'),
(270, 'Oliver', 'Hammonds', 3, 'Y', '1988-03-09', 'M', '', '', '', '', '', 'Y'),
(271, 'Gary', 'Palmer', 3, 'Y', '1967-08-25', 'M', '', '', '', '', '', 'Y'),
(272, 'Richard', 'Pearson', 3, 'Y', '1993-03-21', 'M', '', '', '', '', '', 'Y'),
(273, 'Allen', 'Winter-Moore', 3, 'Y', '1978-09-21', 'M', '', '', '', '', '', 'Y'),
(274, 'David', 'Blamire', 1, 'Y', '0000-00-00', 'M', '', '', '', '', '', NULL),
(275, 'Rebecca', 'Glynn', 3, 'Y', '2017-05-23', 'F', '', '', '', '', '', NULL),
(276, 'Dan', '', 1, 'N', '0000-00-00', 'F', '', '', '', '', '', NULL),
(277, 'Dan', 'Wilson', 1, 'Y', '1982-10-10', 'M', '', '', '', '', '', NULL),
(278, 'David', 'McGarry', 3, 'Y', '1974-04-24', 'M', '', '', '', '', '', NULL),
(279, 'Tina', 'Hewer', 3, 'Y', '1972-08-03', 'F', '', '', '', '', '', NULL),
(280, 'Stephen', 'Jackson', 3, 'Y', '1958-01-06', 'M', '', '', '', '', '', NULL);

-- --------------------------------------------------------

--
-- Table structure for table `tblshortchampionship`
--

CREATE TABLE `tblshortchampionship` (
  `shortChampionshipID` int(11) NOT NULL,
  `raceID` int(11) NOT NULL,
  `runnerID` int(11) NOT NULL,
  `raceTime` time NOT NULL,
  `WMAPercentScore` float NOT NULL,
  `shortChampionshipPersonalRank` int(2) DEFAULT NULL,
  `shortChampionshipDivRaceRank` int(3) DEFAULT NULL,
  `shortChampionshipDivRank` int(11) DEFAULT NULL,
  `shortChampionshipDivPoints` int(3) DEFAULT NULL,
  `shortChampionshipGenderRaceRank` int(11) DEFAULT NULL,
  `shortChampionshipGenderRank` int(11) DEFAULT NULL,
  `shortChampionshipGenderPoints` int(11) DEFAULT NULL
) ENGINE=InnoDB DEFAULT CHARSET=latin1;

--
-- Dumping data for table `tblshortchampionship`
--

INSERT INTO `tblshortchampionship` (`shortChampionshipID`, `raceID`, `runnerID`, `raceTime`, `WMAPercentScore`, `shortChampionshipPersonalRank`, `shortChampionshipDivRaceRank`, `shortChampionshipDivRank`, `shortChampionshipDivPoints`, `shortChampionshipGenderRaceRank`, `shortChampionshipGenderRank`, `shortChampionshipGenderPoints`) VALUES
(1, 25, 1, '00:45:35', 0.587045, 2, 10, NULL, 264, 9, 0, 268),
(2, 25, 116, '00:39:38', 0.715829, 1, 1, NULL, 596, 1, 0, 596),
(3, 25, 20, '00:41:47', 0.650997, 6, 4, NULL, 582, 4, 0, 586),
(4, 25, 8, '00:44:15', 0.631159, 1, 7, NULL, 272, 6, 0, 276),
(5, 25, 39, '00:45:00', 0.604463, 4, 9, NULL, 464, 7, 0, 469),
(6, 25, 69, '00:45:14', 0.617438, 3, 1, NULL, 597, 8, 0, 553),
(7, 25, 12, '00:46:11', 0.656035, 3, 11, NULL, 525, 10, 0, 531),
(8, 25, 9, '00:46:44', 0.701883, 1, 13, NULL, 174, 12, 0, 174),
(9, 25, 88, '00:48:26', 0.641863, 1, 2, NULL, 295, 13, 0, 255),
(10, 25, 76, '00:49:37', 0.699664, 2, 3, NULL, 196, 14, 0, 180),
(11, 25, 74, '00:49:56', 0.618801, 1, 4, NULL, 189, 3, 0, 191),
(12, 25, 133, '00:50:17', 0.559817, 3, 1, NULL, 496, 15, 0, 419),
(13, 25, 83, '00:50:30', 0.626531, 6, 5, NULL, 589, 16, 0, 546),
(14, 25, 110, '00:51:25', 0.569936, 3, 6, NULL, 473, 17, 0, 425),
(15, 25, 119, '00:51:53', 0.598531, 1, 7, NULL, 464, 4, 0, 474),
(16, 25, 112, '00:52:05', 0.673088, 2, 2, NULL, 198, 18, 0, 176),
(18, 25, 72, '00:54:33', 0.560179, 4, 8, NULL, 467, 19, 0, 424),
(19, 25, 139, '00:56:17', 0.539048, 1, 4, NULL, 97, 7, 0, 94),
(20, 25, 109, '00:57:04', 0.554556, 2, 5, NULL, 571, 8, 0, 551),
(21, 25, 134, '00:58:25', 0.54174, 4, 7, NULL, 485, 9, 0, 466),
(22, 25, 146, '00:58:25', 0.524609, 3, 7, NULL, 482, 9, 0, 465),
(23, 25, 135, '00:58:51', 0.525043, 4, 9, NULL, 555, 11, 0, 535),
(24, 25, 173, '01:00:21', 0.520746, 2, 11, NULL, 280, 12, 0, 270),
(25, 25, 175, '01:01:57', 0.519074, 8, 14, NULL, 553, 14, 0, 548),
(26, 25, 181, '01:02:22', 0.4898, 1, 15, NULL, 86, 15, 0, 86),
(27, 25, 145, '01:02:38', 0.518023, 4, 16, NULL, 456, 16, 0, 448),
(28, 25, 68, '01:06:15', 0.517358, 4, 9, NULL, 453, 17, 0, 437),
(29, 25, 149, '01:06:33', 0.475532, 12, 17, NULL, 591, 18, 0, 577),
(30, 25, 152, '01:08:16', 0.454889, 6, 18, NULL, 537, 19, 0, 531),
(31, 25, 124, '01:09:27', 0.393786, 2, 19, NULL, 349, 23, 0, 311),
(32, 25, 156, '01:09:59', 0.439591, 1, 20, NULL, 81, 20, 0, 81),
(33, 7, 2, '00:31:47', 0.713494, 1, 1, NULL, 600, 1, 0, 600),
(34, 7, 35, '00:32:55', 0.688928, 2, 3, NULL, 491, 3, 0, 491),
(35, 7, 116, '00:33:35', 0.719174, 8, 5, NULL, 596, 5, 0, 596),
(36, 7, 5, '00:34:12', 0.7521, 1, 6, NULL, 382, 1, 0, 397),
(37, 7, 20, '00:34:45', 0.665848, 9, 7, NULL, 582, 6, 0, 586),
(38, 7, 32, '00:35:00', 0.729833, 1, 8, NULL, 93, 7, 0, 94),
(39, 7, 25, '00:35:21', 0.683233, 2, 9, NULL, 187, 8, 0, 188),
(40, 7, 22, '00:35:46', 0.646921, 2, 11, NULL, 188, 9, 0, 190),
(41, 7, 7, '00:35:59', 0.634534, 4, 13, NULL, 366, 10, 0, 372),
(42, 7, 47, '00:37:40', 0.689517, 4, 14, NULL, 362, 11, 0, 369),
(43, 7, 39, '00:37:42', 0.613746, 5, 15, NULL, 464, 12, 0, 469),
(44, 7, 69, '00:38:06', 0.6242, 6, 1, NULL, 597, 13, 0, 553),
(45, 7, 10, '00:38:11', 0.735512, 3, 16, NULL, 351, 14, 0, 355),
(46, 7, 12, '00:38:57', 0.661188, 5, 17, NULL, 525, 15, 0, 531),
(47, 7, 88, '00:39:47', 0.663946, 2, 2, NULL, 295, 16, 0, 255),
(48, 7, 83, '00:40:22', 0.665607, 8, 3, NULL, 589, 17, 0, 546),
(49, 7, 180, '00:40:54', 0.55379, 4, 4, NULL, 394, 18, 0, 351),
(50, 7, 110, '00:41:24', 0.602137, 4, 5, NULL, 473, 19, 0, 425),
(51, 7, 11, '00:41:46', 0.795918, 2, 18, NULL, 339, 4, 0, 388),
(52, 7, 89, '00:42:17', 0.542014, 2, 6, NULL, 192, 20, 0, 171),
(53, 7, 119, '00:44:10', 0.59585, 3, 8, NULL, 464, 6, 0, 474),
(54, 7, 74, '00:44:21', 0.590486, 2, 9, NULL, 189, 8, 0, 191),
(55, 7, 72, '00:44:24', 0.58495, 5, 10, NULL, 467, 21, 0, 424),
(56, 7, 127, '00:45:04', 0.5764, 4, 1, NULL, 396, 9, 0, 376),
(57, 7, 84, '00:45:08', 0.590269, 4, 11, NULL, 375, 22, 0, 348),
(58, 7, 149, '00:47:14', 0.567619, 9, 4, NULL, 591, 10, 0, 577),
(59, 7, 113, '00:47:38', 0.588306, 2, 5, NULL, 291, 11, 0, 277),
(60, 7, 134, '00:48:15', 0.555659, 5, 6, NULL, 485, 12, 0, 466),
(61, 7, 144, '00:48:42', 0.49594, 2, 7, NULL, 185, 25, 0, 156),
(62, 7, 146, '00:49:54', 0.52057, 5, 8, NULL, 482, 13, 0, 465),
(63, 7, 173, '00:49:57', 0.53308, 3, 9, NULL, 280, 14, 0, 270),
(64, 7, 64, '00:49:57', 0.487322, 2, 12, NULL, 182, 26, 0, 164),
(65, 7, 135, '00:50:31', 0.518404, 5, 10, NULL, 555, 15, 0, 535),
(66, 7, 124, '00:50:36', 0.459955, 4, 11, NULL, 349, 27, 0, 311),
(67, 7, 109, '00:51:48', 0.517578, 7, 12, NULL, 571, 16, 0, 551),
(68, 7, 161, '00:52:57', 0.436982, 1, 13, NULL, 174, 28, 0, 145),
(69, 7, 68, '00:53:09', 0.545491, 5, 13, NULL, 453, 17, 0, 437),
(70, 7, 136, '00:53:10', 0.494985, 6, 14, NULL, 554, 18, 0, 527),
(71, 7, 145, '00:53:12', 0.516449, 5, 15, NULL, 456, 19, 0, 448),
(72, 7, 182, '00:53:42', 0.485547, 2, 16, NULL, 174, 20, 0, 171),
(73, 7, 175, '00:54:29', 0.499799, 11, 17, NULL, 553, 21, 0, 548),
(74, 7, 167, '01:00:26', 0.425538, 3, 19, NULL, 253, 23, 0, 245),
(75, 7, 174, '01:03:35', 0.432111, 4, 20, NULL, 431, 24, 0, 409),
(76, 26, 116, '00:34:44', 0.720311, 2, 1, NULL, 596, 1, 0, 596),
(77, 26, 18, '00:37:02', 0.732351, 1, 3, NULL, 376, 3, 0, 381),
(78, 26, 5, '00:37:11', 0.719104, 2, 4, NULL, 382, 1, 0, 397),
(79, 26, 20, '00:37:24', 0.640414, 5, 5, NULL, 582, 4, 0, 586),
(80, 26, 24, '00:39:44', 0.660445, 3, 8, NULL, 558, 5, 0, 566),
(81, 26, 84, '00:50:11', 0.549725, 2, 7, NULL, 375, 11, 0, 348),
(82, 26, 64, '00:51:21', 0.49107, 1, 8, NULL, 182, 12, 0, 164),
(83, 26, 149, '00:52:08', 0.534711, 7, 2, NULL, 591, 6, 0, 577),
(84, 26, 173, '00:52:16', 0.529646, 1, 3, NULL, 280, 7, 0, 270),
(85, 26, 72, '00:53:04', 0.506893, 1, 9, NULL, 467, 13, 0, 424),
(86, 26, 109, '00:55:22', 0.503485, 3, 4, NULL, 571, 8, 0, 551),
(87, 26, 135, '00:55:50', 0.487632, 2, 5, NULL, 555, 9, 0, 535),
(88, 26, 152, '00:59:20', 0.461121, 2, 6, NULL, 537, 10, 0, 531),
(89, 26, 175, '00:59:44', 0.474044, 4, 7, NULL, 553, 11, 0, 548),
(90, 26, 167, '01:04:28', 0.414685, 1, 9, NULL, 253, 13, 0, 245),
(91, 26, 174, '01:09:41', 0.40996, 2, 11, NULL, 431, 15, 0, 409),
(92, 26, 210, '01:14:29', 0.377093, 3, 12, NULL, 516, 16, 0, 499),
(93, 26, 209, '01:05:37', 0.439548, 1, 10, NULL, 262, 14, 0, 252),
(94, 26, 208, '01:03:55', 0.571931, 1, 8, NULL, 508, 12, 0, 489),
(95, 26, 204, '00:35:31', 0.656096, 3, 2, NULL, 596, 2, 0, 596),
(96, 26, 205, '00:38:43', 0.691178, 3, 6, NULL, 563, 2, 0, 596),
(97, 26, 206, '00:39:04', 0.684985, 8, 7, NULL, 574, 3, 0, 599),
(98, 26, 207, '00:42:26', 0, 1, 1, NULL, 100, 4, 0, 97),
(99, 26, 69, '00:42:26', 0.580625, 2, 1, NULL, 597, 6, 0, 553),
(100, 25, 22, '00:41:17', 0.658882, 1, 3, NULL, 188, 3, NULL, 190),
(101, 7, 258, '00:47:08', 0.575098, 1, 2, NULL, 99, 23, NULL, 78),
(102, 8, 116, '00:25:20', 0.666097, 3, 1, NULL, 596, 1, NULL, 596),
(103, 8, 204, '00:25:58', 0.604621, 4, 2, NULL, 596, 2, NULL, 596),
(104, 8, 35, '00:26:56', 0.584968, 3, 3, NULL, 491, 3, NULL, 491),
(105, 8, 5, '00:27:42', 0.644533, 3, 4, NULL, 382, 1, NULL, 397),
(106, 8, 18, '00:28:03', 0.649849, 2, 5, NULL, 376, 4, NULL, 381),
(107, 8, 205, '00:28:11', 0.633987, 8, 6, NULL, 563, 2, NULL, 596),
(108, 8, 20, '00:28:41', 0.563471, 7, 7, NULL, 582, 5, NULL, 586),
(109, 8, 7, '00:28:48', 0.552319, 1, 8, NULL, 366, 6, NULL, 372),
(110, 8, 206, '00:29:00', 0.616133, 9, 9, NULL, 574, 3, NULL, 599),
(111, 8, 31, '00:29:20', 0.540197, 1, 10, NULL, 91, 7, NULL, 94),
(112, 8, 238, '00:30:02', 0.611836, 1, 1, NULL, 200, 8, NULL, 186),
(113, 8, 47, '00:30:06', 0.600777, 2, 11, NULL, 362, 9, NULL, 369),
(115, 8, 69, '00:30:53', 0.538408, 5, 3, NULL, 597, 11, NULL, 553),
(116, 8, 83, '00:31:44', 0.588565, 5, 4, NULL, 589, 12, NULL, 546),
(117, 8, 133, '00:33:01', 0.507327, 2, 1, NULL, 496, 13, NULL, 419),
(118, 8, 220, '00:34:36', 0.518072, 4, 5, NULL, 581, 4, NULL, 583),
(119, 8, 72, '00:35:01', 0.516422, 3, 6, NULL, 467, 15, NULL, 424),
(120, 8, 246, '00:35:11', 0.51226, 1, 12, NULL, 258, 5, NULL, 286),
(121, 8, 66, '00:35:42', 0.523169, 5, 7, NULL, 574, 16, NULL, 522),
(122, 8, 70, '00:36:53', 0.581751, 2, 8, NULL, 282, 6, NULL, 286),
(123, 8, 127, '00:36:59', 0.487328, 2, 3, NULL, 396, 7, NULL, 376),
(124, 8, 80, '00:38:36', 0.583735, 4, 9, NULL, 473, 8, NULL, 471),
(125, 8, 79, '00:38:55', 0.513657, 2, 10, NULL, 182, 17, NULL, 170),
(126, 8, 19, '00:39:25', 0.531706, 2, 13, NULL, 179, 9, NULL, 187),
(127, 8, 67, '00:39:32', 0.477039, 1, 11, NULL, 180, 10, NULL, 179),
(128, 8, 149, '00:40:09', 0.462721, 10, 4, NULL, 591, 11, NULL, 577),
(129, 8, 109, '00:40:26', 0.459479, 6, 5, NULL, 571, 12, NULL, 551),
(130, 8, 232, '00:41:01', 0.472569, 3, 6, NULL, 382, 13, NULL, 364),
(131, 8, 136, '00:41:32', 0.439398, 4, 7, NULL, 554, 14, NULL, 527),
(132, 8, 195, '00:41:47', 0.439149, 2, 8, NULL, 189, 15, NULL, 181),
(133, 8, 68, '00:42:11', 0.474706, 3, 12, NULL, 453, 16, NULL, 437),
(134, 8, 138, '00:43:11', 0.490047, 5, 9, NULL, 557, 18, NULL, 504),
(135, 8, 175, '00:44:45', 0.421429, 10, 10, NULL, 553, 17, NULL, 548),
(136, 8, 148, '00:44:56', 0.450658, 3, 11, NULL, 274, 18, NULL, 265),
(137, 8, 135, '00:46:17', 0.392458, 6, 12, NULL, 555, 19, NULL, 535),
(138, 8, 208, '00:47:47', 0.503045, 3, 13, NULL, 508, 20, NULL, 489),
(139, 8, 209, '00:48:35', 0.395064, 3, 14, NULL, 262, 21, NULL, 252),
(140, 8, 174, '00:53:18', 0.356843, 3, 15, NULL, 431, 22, NULL, 409),
(141, 8, 210, '00:55:11', 0.3391, 4, 16, NULL, 516, 23, NULL, 499),
(143, 7, 206, '00:35:44', 0.720403, 6, 10, NULL, 574, 2, NULL, 599),
(144, 7, 205, '00:35:46', 0.719732, 10, 11, NULL, 563, 3, NULL, 596),
(145, 7, 220, '00:43:03', 0.600007, 5, 7, NULL, 581, 5, NULL, 583),
(146, 7, 246, '00:44:13', 0.587481, 3, 19, NULL, 258, 7, NULL, 286),
(147, 7, 235, '00:47:13', 0.564224, 4, 3, NULL, 485, 24, NULL, 411),
(148, 7, 208, '00:58:48', 0.597158, 5, 18, NULL, 508, 22, NULL, 489),
(149, 7, 210, '01:12:57', 0.370299, 6, 21, NULL, 516, 25, NULL, 499),
(150, 27, 2, '00:37:09', 0.719444, 2, 1, NULL, 600, 1, NULL, 600),
(151, 27, 205, '00:40:47', 0.744587, 1, 2, NULL, 563, 1, NULL, 596),
(152, 27, 20, '00:40:59', 0.663705, 2, 3, NULL, 582, 2, NULL, 586),
(153, 27, 24, '00:41:37', 0.715846, 2, 5, NULL, 558, 4, NULL, 566),
(154, 27, 206, '00:42:35', 0.713113, 7, 6, NULL, 574, 2, NULL, 599),
(155, 27, 47, '00:43:04', 0.709546, 1, 7, NULL, 362, 5, NULL, 369),
(156, 27, 8, '00:44:38', 0.625738, 2, 8, NULL, 272, 6, NULL, 276),
(157, 27, 83, '00:45:06', 0.701548, 2, 1, NULL, 589, 7, NULL, 546),
(158, 27, 226, '00:46:32', 0.61458, 1, 2, NULL, 396, 8, NULL, 354),
(159, 27, 50, '00:46:55', 0.634979, 1, 9, NULL, 92, 9, NULL, 92),
(160, 27, 240, '00:47:42', 0.6044, 1, 3, NULL, 292, 10, NULL, 263),
(161, 27, 89, '00:49:42', 0.54255, 1, 4, NULL, 192, 11, NULL, 171),
(162, 27, 133, '00:50:29', 0.557599, 1, 1, NULL, 496, 12, NULL, 419),
(163, 27, 72, '00:50:41', 0.602916, 2, 5, NULL, 467, 13, NULL, 424),
(164, 27, 66, '00:51:25', 0.615361, 4, 6, NULL, 574, 14, NULL, 522),
(165, 27, 113, '00:52:38', 0.629027, 1, 2, NULL, 291, 3, NULL, 277),
(166, 27, 146, '00:53:10', 0.576412, 1, 3, NULL, 482, 4, NULL, 465),
(167, 27, 149, '00:53:12', 0.594862, 5, 4, NULL, 591, 5, NULL, 577),
(168, 27, 195, '00:56:31', 0.552574, 1, 5, NULL, 189, 6, NULL, 181),
(169, 27, 68, '00:57:56', 0.591627, 1, 7, NULL, 453, 7, NULL, 437),
(170, 27, 136, '00:59:24', 0.522791, 1, 6, NULL, 554, 8, NULL, 527),
(171, 27, 135, '00:59:35', 0.518581, 3, 7, NULL, 555, 9, NULL, 535),
(172, 27, 148, '01:01:05', 0.567855, 1, 8, NULL, 274, 10, NULL, 265),
(173, 27, 175, '01:01:31', 0.52273, 5, 9, NULL, 553, 11, NULL, 548),
(174, 9, 2, '00:37:48', 0.707073, 3, 1, NULL, 600, 1, NULL, 600),
(175, 9, 244, '00:38:23', 0.70018, 1, 2, NULL, 198, 2, NULL, 198),
(176, 9, 204, '00:39:28', 0.676943, 8, 3, NULL, 596, 3, NULL, 596),
(177, 9, 39, '00:41:43', 0.652038, 1, 5, NULL, 464, 5, NULL, 469),
(178, 9, 25, '00:41:52', 0.677644, 1, 6, NULL, 187, 6, NULL, 188),
(179, 9, 205, '00:42:34', 0.713392, 2, 8, NULL, 563, 1, NULL, 596),
(180, 9, 7, '00:42:41', 0.629642, 2, 9, NULL, 366, 8, NULL, 372),
(181, 9, 20, '00:42:48', 0.635534, 12, 10, NULL, 582, 9, NULL, 586),
(182, 9, 24, '00:43:00', 0.692816, 5, 11, NULL, 558, 10, NULL, 566),
(183, 9, 3, '00:43:06', 0.647999, 2, 12, NULL, 185, 11, NULL, 186),
(184, 9, 18, '00:44:29', 0.692813, 4, 13, NULL, 376, 12, NULL, 381),
(185, 9, 40, '00:45:27', 0.674278, 1, 14, NULL, 183, 2, NULL, 197),
(186, 9, 69, '00:45:53', 0.608691, 7, 1, NULL, 597, 13, NULL, 553),
(187, 9, 10, '00:45:59', 0.71996, 4, 15, NULL, 351, 14, NULL, 355),
(188, 9, 8, '00:46:06', 0.60583, 3, 16, NULL, 272, 15, NULL, 276),
(189, 9, 4, '00:46:12', 0.678815, 4, 17, NULL, 367, 16, NULL, 369),
(190, 9, 37, '00:46:58', 0.657887, 1, 18, NULL, 83, 3, NULL, 98),
(191, 9, 1, '00:47:45', 0.560408, 3, 19, NULL, 264, 18, NULL, 268),
(192, 9, 88, '00:48:02', 0.647208, 3, 4, NULL, 295, 19, NULL, 255),
(193, 9, 65, '00:48:16', 0.631294, 1, 5, NULL, 96, 5, NULL, 96),
(194, 9, 11, '00:48:25', 0.814173, 4, 20, NULL, 339, 6, NULL, 388),
(195, 9, 12, '00:50:17', 0.602543, 6, 21, NULL, 525, 20, NULL, 531),
(196, 9, 71, '00:50:26', 0.600751, 2, 6, NULL, 189, 21, NULL, 161),
(197, 9, 70, '00:50:45', 0.72713, 3, 7, NULL, 282, 7, NULL, 286),
(198, 9, 66, '00:53:08', 0.59548, 6, 8, NULL, 574, 22, NULL, 522),
(199, 9, 133, '00:53:33', 0.525667, 4, 2, NULL, 496, 23, NULL, 419),
(200, 9, 146, '00:54:10', 0.565771, 4, 3, NULL, 482, 9, NULL, 465),
(201, 9, 80, '00:54:18', 0.716186, 5, 9, NULL, 473, 10, NULL, 471),
(202, 9, 119, '00:54:23', 0.571016, 5, 10, NULL, 464, 11, NULL, 474),
(203, 9, 235, '00:55:04', 0.569515, 5, 4, NULL, 485, 24, NULL, 411),
(204, 9, 113, '00:55:44', 0.594039, 3, 5, NULL, 291, 12, NULL, 277),
(205, 9, 67, '00:55:51', 0.575767, 2, 11, NULL, 180, 13, NULL, 179),
(206, 9, 149, '00:57:27', 0.550856, 11, 6, NULL, 591, 14, NULL, 577),
(207, 9, 232, '00:57:50', 0.572469, 4, 7, NULL, 382, 15, NULL, 364),
(208, 9, 109, '00:59:13', 0.534422, 8, 8, NULL, 571, 16, NULL, 551),
(209, 9, 136, '00:59:33', 0.521474, 5, 9, NULL, 554, 17, NULL, 527),
(210, 9, 123, '00:59:49', 0.717771, 2, 10, NULL, 187, 18, NULL, 178),
(211, 9, 135, '01:00:43', 0.508901, 7, 11, NULL, 555, 19, NULL, 535),
(212, 9, 124, '01:02:01', 0.440985, 3, 12, NULL, 349, 25, NULL, 311),
(213, 9, 261, '01:02:14', 0.608506, 1, 13, NULL, 88, 20, NULL, 81),
(214, 9, 132, '01:04:32', 0.476715, 3, 14, NULL, 275, 21, NULL, 265),
(215, 9, 175, '01:05:01', 0.49459, 12, 15, NULL, 553, 22, NULL, 548),
(216, 9, 152, '01:08:01', 0.456561, 7, 16, NULL, 537, 23, NULL, 531),
(217, 9, 125, '01:08:48', 0.509544, 2, 17, NULL, 168, 26, NULL, 156),
(218, 9, 208, '01:09:37', 0.598927, 6, 18, NULL, 508, 24, NULL, 489),
(219, 9, 174, '01:19:48', 0.406586, 5, 19, NULL, 431, 25, NULL, 409),
(220, 8, 226, '00:30:25', 0.558922, 2, 2, NULL, 396, 10, NULL, 354),
(221, 9, 226, '00:47:04', 0.607616, 4, 2, NULL, 396, 17, NULL, 354),
(229, 9, 264, '00:42:22', 0.645517, 4, 7, NULL, 562, 7, NULL, 566),
(230, 9, 263, '00:47:14', 0.645105, 4, 3, NULL, 392, 4, NULL, 394),
(231, 9, 262, '00:52:19', 0.588035, 3, 1, NULL, 297, 8, NULL, 282),
(232, 7, 244, '00:31:48', 0.718008, 2, 2, NULL, 198, 2, NULL, 198),
(233, 7, 204, '00:32:59', 0.68671, 9, 4, NULL, 596, 4, NULL, 596),
(234, 8, 259, '00:34:04', 0.49169, 5, 2, NULL, 592, 14, NULL, 529),
(235, 25, 206, '00:43:20', 0.700771, 1, 5, NULL, 574, 1, NULL, 599),
(236, 25, 243, '00:46:20', 0.590254, 1, 12, NULL, 173, 11, NULL, 172),
(237, 25, 208, '01:10:38', 0.590306, 4, 21, NULL, 508, 21, NULL, 489),
(238, 25, 210, '01:19:12', 0.402646, 5, 23, NULL, 516, 23, NULL, 499),
(239, 25, 224, '01:23:00', 0.384211, 2, 24, NULL, 157, 24, NULL, 159),
(240, 25, 225, '01:01:01', 0.437859, 1, 12, NULL, 89, 22, NULL, 79),
(241, 25, 254, '01:01:38', 0.509903, 1, 13, NULL, 88, 13, NULL, 88),
(242, 25, 144, '00:59:28', 0.477085, 1, 10, NULL, 185, 21, NULL, 156),
(243, 25, 167, '01:10:39', 0.429347, 2, 22, NULL, 253, 22, NULL, 245),
(244, 25, 235, '00:57:40', 0.543837, 3, 6, NULL, 485, 20, NULL, 411),
(245, 25, 264, '00:43:56', 0.622498, 1, 6, NULL, 562, 5, NULL, 566),
(246, 25, 205, '00:44:32', 0.681888, 7, 8, NULL, 563, 2, NULL, 596),
(247, 25, 246, '00:52:37', 0.582438, 2, 14, NULL, 258, 5, NULL, 286),
(248, 25, 262, '00:54:32', 0.564133, 1, 3, NULL, 297, 6, NULL, 282),
(249, 25, 204, '00:40:35', 0.658316, 5, 2, NULL, 596, 2, NULL, 596),
(250, 26, 76, '00:43:20', 0.702774, 1, 3, NULL, 196, 8, NULL, 180),
(251, 26, 83, '00:43:45', 0.636058, 3, 4, NULL, 589, 9, NULL, 546),
(252, 26, 180, '00:43:09', 0.540247, 1, 2, NULL, 394, 7, NULL, 351),
(253, 26, 110, '00:45:55', 0.562324, 1, 5, NULL, 473, 10, NULL, 425),
(254, 26, 134, '00:52:04', 0.535396, 1, 1, NULL, 485, 5, NULL, 466),
(255, 26, 119, '00:47:44', 0.573182, 2, 6, NULL, 464, 4, NULL, 474),
(256, 9, 265, '00:41:14', 0.647939, 4, 4, NULL, 583, 4, NULL, 584),
(257, 10, 2, '00:37:15', 0.717513, 4, 1, NULL, 600, 1, NULL, 600),
(258, 10, 204, '00:37:38', 0.70992, 6, 2, NULL, 596, 2, NULL, 596),
(259, 10, 35, '00:39:12', 0.68182, 4, 3, NULL, 491, 3, NULL, 491),
(260, 10, 20, '00:41:34', 0.654391, 4, 4, NULL, 582, 4, NULL, 586),
(261, 10, 4, '00:41:43', 0.751768, 1, 5, NULL, 367, 5, NULL, 369),
(262, 10, 264, '00:41:51', 0.653487, 3, 6, NULL, 562, 6, NULL, 566),
(263, 10, 24, '00:41:57', 0.710158, 4, 7, NULL, 558, 7, NULL, 566),
(264, 10, 6, '00:42:06', 0.696062, 3, 8, NULL, 289, 8, NULL, 290),
(265, 10, 10, '00:42:47', 0.77381, 1, 9, NULL, 351, 9, NULL, 355),
(266, 10, 47, '00:43:05', 0.709271, 3, 10, NULL, 362, 10, NULL, 369),
(267, 10, 180, '00:46:38', 0.572909, 2, 1, NULL, 394, 11, NULL, 351),
(268, 10, 263, '00:47:36', 0.640136, 1, 2, NULL, 392, 1, NULL, 394),
(269, 10, 240, '00:48:25', 0.595454, 2, 3, NULL, 292, 12, NULL, 263),
(270, 10, 11, '00:48:36', 0.811102, 1, 11, NULL, 339, 2, NULL, 388),
(271, 10, 80, '00:52:23', 0.742391, 1, 4, NULL, 473, 3, NULL, 471),
(272, 10, 259, '00:52:41', 0.534315, 4, 1, NULL, 592, 13, NULL, 529),
(274, 10, 235, '00:56:38', 0.55376, 2, 3, NULL, 485, 14, NULL, 411),
(275, 10, 132, '00:57:23', 0.536114, 1, 4, NULL, 275, 5, NULL, 265),
(276, 10, 123, '00:57:48', 0.742814, 1, 5, NULL, 187, 6, NULL, 178),
(277, 10, 227, '00:58:41', 0.569441, 1, 6, NULL, 187, 15, NULL, 161),
(278, 10, 109, '00:58:57', 0.536839, 1, 7, NULL, 571, 7, NULL, 551),
(279, 10, 135, '00:59:18', 0.521059, 1, 8, NULL, 555, 8, NULL, 535),
(280, 10, 145, '00:59:23', 0.546374, 3, 9, NULL, 456, 9, NULL, 448),
(281, 10, 83, '00:59:23', 0.532806, 7, 5, NULL, 589, 16, NULL, 546),
(282, 10, 148, '01:00:03', 0.577627, 2, 10, NULL, 274, 10, NULL, 265),
(283, 10, 138, '01:01:16', 0.590004, 4, 11, NULL, 557, 17, NULL, 504),
(284, 10, 182, '01:01:29', 0.500364, 1, 12, NULL, 174, 11, NULL, 171),
(285, 10, 124, '01:01:38', 0.443728, 1, 13, NULL, 349, 18, NULL, 311),
(286, 10, 152, '01:02:45', 0.494881, 3, 14, NULL, 537, 12, NULL, 531),
(287, 10, 175, '01:06:23', 0.484408, 6, 16, NULL, 553, 13, NULL, 548),
(288, 10, 125, '01:08:18', 0.513274, 1, 17, NULL, 168, 20, NULL, 156),
(289, 10, 266, '01:11:39', 0.427717, 5, 18, NULL, 532, 14, NULL, 533),
(290, 10, 149, '00:55:08', 0.574003, 1, 2, NULL, 591, 4, NULL, 577),
(291, 10, 273, '01:03:43', 0.429219, 4, 15, NULL, 456, 19, NULL, 420),
(292, 27, 265, '00:41:03', 0, 1, 4, NULL, 583, 3, NULL, 584),
(293, 29, 2, '00:37:10', 0, 5, 1, NULL, 600, 1, NULL, 600),
(294, 29, 204, '00:38:28', 0, 7, 2, NULL, 596, 2, NULL, 596),
(295, 29, 35, '00:39:16', 0, 5, 3, NULL, 491, 3, NULL, 491),
(296, 29, 116, '00:39:27', 0, 7, 4, NULL, 596, 4, NULL, 596),
(297, 29, 265, '00:39:52', 0, 6, 5, NULL, 583, 5, NULL, 584),
(298, 29, 39, '00:40:21', 0, 2, 6, NULL, 464, 6, NULL, 469),
(299, 29, 20, '00:40:52', 0, 10, 7, NULL, 582, 7, NULL, 586),
(300, 29, 7, '00:40:58', 0, 3, 8, NULL, 366, 8, NULL, 372),
(301, 29, 4, '00:41:25', 0, 3, 9, NULL, 367, 9, NULL, 369),
(302, 29, 264, '00:41:40', 0, 6, 10, NULL, 562, 10, NULL, 566),
(303, 29, 24, '00:41:50', 0, 6, 11, NULL, 558, 11, NULL, 566),
(304, 29, 205, '00:41:58', 0, 6, 12, NULL, 563, 2, NULL, 596),
(305, 29, 10, '00:44:11', 0, 2, 13, NULL, 351, 12, NULL, 355),
(306, 29, 69, '00:44:27', 0, 8, 1, NULL, 597, 13, NULL, 553),
(307, 29, 12, '00:44:51', 0, 4, 14, NULL, 525, 14, NULL, 531),
(308, 29, 226, '00:46:03', 0, 3, 2, NULL, 396, 15, NULL, 354),
(309, 29, 9, '00:46:15', 0, 2, 15, NULL, 174, 16, NULL, 174),
(310, 29, 180, '00:46:16', 0, 3, 3, NULL, 394, 17, NULL, 351),
(311, 29, 263, '00:46:22', 0, 3, 4, NULL, 392, 3, NULL, 394),
(312, 29, 11, '00:46:48', 0, 3, 16, NULL, 339, 4, NULL, 388),
(313, 29, 240, '00:47:08', 0, 3, 5, NULL, 292, 18, NULL, 263),
(314, 29, 243, '00:47:18', 0, 2, 17, NULL, 173, 19, NULL, 172),
(315, 29, 220, '00:48:38', 0, 6, 6, NULL, 581, 5, NULL, 583),
(316, 29, 71, '00:50:37', 0, 1, 7, NULL, 189, 20, NULL, 161),
(317, 29, 110, '00:51:00', 0, 5, 8, NULL, 473, 21, NULL, 425),
(318, 29, 90, '00:51:20', 0, 1, 9, NULL, 92, 22, NULL, 79),
(319, 29, 119, '00:51:28', 0, 4, 10, NULL, 464, 6, NULL, 474),
(320, 29, 262, '00:51:31', 0, 2, 2, NULL, 297, 7, NULL, 282),
(321, 29, 127, '00:52:03', 0, 3, 3, NULL, 396, 8, NULL, 376),
(322, 29, 133, '00:52:08', 0, 5, 4, NULL, 496, 23, NULL, 419),
(323, 29, 149, '00:52:32', 0, 8, 5, NULL, 591, 9, NULL, 577),
(324, 29, 259, '00:52:48', 0, 6, 6, NULL, 592, 24, NULL, 529),
(325, 29, 131, '00:54:46', 0, 2, 7, NULL, 192, 25, NULL, 170),
(326, 29, 109, '00:56:53', 0, 4, 8, NULL, 571, 10, NULL, 551),
(327, 29, 68, '00:57:27', 0, 2, 11, NULL, 453, 11, NULL, 437),
(328, 29, 227, '00:58:43', 0, 2, 9, NULL, 187, 26, NULL, 161),
(329, 29, 132, '00:58:51', 0, 2, 10, NULL, 275, 12, NULL, 265),
(330, 29, 136, '00:59:45', 0, 3, 11, NULL, 554, 13, NULL, 527),
(331, 29, 138, '01:00:10', 0, 6, 12, NULL, 557, 27, NULL, 504),
(332, 29, 152, '01:00:53', 0, 5, 13, NULL, 537, 14, NULL, 531),
(333, 29, 273, '01:00:58', 0, 5, 14, NULL, 456, 28, NULL, 420),
(334, 29, 232, '00:01:56', 0, 1, 1, NULL, 382, 1, NULL, 364),
(335, 29, 161, '01:02:29', 0, 2, 15, NULL, 174, 29, NULL, 145),
(336, 29, 175, '01:05:00', 0, 9, 16, NULL, 553, 15, NULL, 548),
(337, 29, 209, '01:07:58', 0, 2, 17, NULL, 262, 16, NULL, 252),
(338, 29, 266, '01:09:57', 0, 6, 18, NULL, 532, 17, NULL, 533),
(339, 29, 129, '01:23:16', 0, 2, 19, NULL, 170, 30, NULL, 153),
(340, 29, 208, '01:28:53', 0, 2, 20, NULL, 508, 18, NULL, 489),
(341, 29, 224, '01:28:54', 0, 1, 21, NULL, 157, 19, NULL, 159),
(342, 11, 204, '00:21:00', 0, 1, 1, NULL, 596, 1, NULL, 596),
(343, 11, 35, '00:21:41', 0, 1, 2, NULL, 491, 2, NULL, 491),
(344, 11, 116, '00:21:54', 0, 6, 3, NULL, 596, 3, NULL, 596),
(345, 11, 265, '00:22:21', 0, 5, 4, NULL, 583, 4, NULL, 584),
(346, 11, 3, '00:22:49', 0, 1, 5, NULL, 185, 5, NULL, 186),
(347, 11, 39, '00:23:14', 0, 3, 6, NULL, 464, 6, NULL, 469),
(348, 11, 206, '00:23:15', 0, 2, 7, NULL, 574, 1, NULL, 599),
(349, 11, 20, '00:23:59', 0, 11, 8, NULL, 582, 7, NULL, 586),
(350, 11, 238, '00:25:38', 0, 2, 1, NULL, 200, 8, NULL, 186),
(351, 11, 12, '00:25:58', 0, 2, 9, NULL, 525, 9, NULL, 531),
(352, 11, 69, '00:26:32', 0, 4, 2, NULL, 597, 10, NULL, 553),
(353, 11, 259, '00:28:24', 0, 3, 1, NULL, 592, 11, NULL, 529),
(354, 11, 220, '00:28:27', 0, 1, 4, NULL, 581, 3, NULL, 583),
(355, 11, 66, '00:29:41', 0, 3, 5, NULL, 574, 12, NULL, 522),
(356, 11, 70, '00:30:00', 0, 1, 6, NULL, 282, 4, NULL, 286),
(357, 11, 146, '00:30:20', 0, 2, 2, NULL, 482, 5, NULL, 465),
(358, 11, 149, '00:30:30', 0, 6, 3, NULL, 591, 6, NULL, 577),
(359, 11, 80, '00:31:20', 0, 3, 7, NULL, 473, 7, NULL, 471),
(360, 11, 134, '00:32:05', 0, 3, 4, NULL, 485, 8, NULL, 466),
(361, 11, 84, '00:32:06', 0, 3, 8, NULL, 375, 13, NULL, 348),
(362, 11, 136, '00:32:51', 0, 2, 5, NULL, 554, 9, NULL, 527),
(363, 11, 79, '00:33:19', 0, 1, 10, NULL, 182, 15, NULL, 170),
(364, 11, 109, '00:33:36', 0, 5, 6, NULL, 571, 10, NULL, 551),
(365, 11, 138, '00:34:33', 0, 3, 7, NULL, 557, 16, NULL, 504),
(366, 11, 142, '00:35:09', 0, 1, 9, NULL, 92, 17, NULL, 84),
(367, 11, 273, '00:36:30', 0, 3, 10, NULL, 456, 18, NULL, 420),
(368, 11, 152, '00:37:27', 0, 4, 11, NULL, 537, 12, NULL, 531),
(369, 11, 266, '00:43:17', 0, 4, 12, NULL, 532, 13, NULL, 533),
(370, 11, 175, '00:47:31', 0, 7, 14, NULL, 553, 14, NULL, 548),
(371, 12, 204, '00:38:30', 0, 2, 1, NULL, 596, 1, NULL, 596),
(372, 12, 116, '00:38:32', 0, 4, 2, NULL, 596, 2, NULL, 596),
(373, 12, 265, '00:40:39', 0, 2, 3, NULL, 583, 3, NULL, 584),
(374, 12, 206, '00:40:52', 0, 3, 4, NULL, 574, 1, NULL, 599),
(375, 12, 6, '00:41:12', 0, 2, 5, NULL, 289, 4, NULL, 290),
(376, 12, 4, '00:41:43', 0, 2, 6, NULL, 367, 5, NULL, 369),
(377, 12, 20, '00:43:09', 0, 8, 7, NULL, 582, 6, NULL, 586),
(378, 12, 264, '00:44:00', 0, 5, 8, NULL, 562, 7, NULL, 566),
(379, 12, 205, '00:44:48', 0, 5, 9, NULL, 563, 2, NULL, 596),
(380, 12, 1, '00:48:37', 0, 1, 10, NULL, 264, 8, NULL, 268),
(381, 12, 220, '00:49:09', 0, 2, 1, NULL, 581, 3, NULL, 583),
(382, 12, 277, '00:49:11', 0, NULL, NULL, NULL, NULL, NULL, NULL, NULL),
(383, 12, 127, '00:51:27', 0, 1, 1, NULL, 396, 4, NULL, 376),
(384, 12, 149, '00:51:46', 0, 3, 2, NULL, 591, 5, NULL, 577),
(385, 12, 259, '00:51:47', 0, 2, 3, NULL, 592, 9, NULL, 529),
(386, 12, 83, '00:52:49', 0, 4, 2, NULL, 589, 10, NULL, 546),
(387, 12, 80, '00:54:42', 0, 2, 3, NULL, 473, 6, NULL, 471),
(388, 12, 66, '00:55:16', 0, 2, 4, NULL, 574, 11, NULL, 522),
(389, 12, 235, '00:55:56', 0, 1, 4, NULL, 485, 12, NULL, 411),
(390, 12, 145, '00:59:03', 0, 2, 5, NULL, 456, 7, NULL, 448),
(391, 12, 175, '01:08:00', 0, 3, 8, NULL, 553, 9, NULL, 548),
(392, 12, 138, '01:00:41', 0, 2, 6, NULL, 557, 13, NULL, 504),
(393, 12, 152, '01:07:14', 0, 1, 7, NULL, 537, 8, NULL, 531),
(394, 12, 266, '01:10:17', 0, 2, 9, NULL, 532, 10, NULL, 533),
(395, 30, 2, '00:37:11', 0, 6, 1, NULL, 600, 1, NULL, 600),
(396, 30, 116, '00:37:26', 0, 5, 2, NULL, 596, 2, NULL, 596),
(397, 30, 265, '00:38:45', 0, 3, 3, NULL, 583, 3, NULL, 584),
(398, 30, 206, '00:39:46', 0, 4, 4, NULL, 574, 1, NULL, 599),
(399, 30, 205, '00:43:07', 0, 4, 6, NULL, 563, 2, NULL, 596),
(400, 30, 264, '00:43:59', 0, 2, 7, NULL, 562, 5, NULL, 566),
(401, 30, 277, '00:47:15', 0, NULL, NULL, NULL, NULL, NULL, NULL, NULL),
(402, 30, 83, '00:47:30', 0, 1, 1, NULL, 589, 6, NULL, 546),
(403, 30, 220, '00:49:03', 0, 3, 2, NULL, 581, 3, NULL, 583),
(404, 30, 149, '00:50:13', 0, 2, 1, NULL, 591, 4, NULL, 577),
(405, 30, 134, '00:56:28', 0, 2, 2, NULL, 485, 5, NULL, 466),
(406, 30, 131, '00:56:53', 0, 1, 3, NULL, 192, 7, NULL, 170),
(407, 30, 145, '00:58:04', 0, 1, 4, NULL, 456, 6, NULL, 448),
(408, 30, 273, '01:00:17', 0, 1, 5, NULL, 456, 8, NULL, 420),
(409, 30, 175, '01:06:01', 0, 2, 6, NULL, 553, 7, NULL, 548),
(410, 30, 266, '01:08:27', 0, 1, 8, NULL, 532, 9, NULL, 533),
(411, 30, 174, '01:13:10', 0, 1, 9, NULL, 431, 10, NULL, 409),
(412, 30, 210, '01:17:29', 0, 2, 10, NULL, 516, 11, NULL, 499),
(413, 30, 196, '01:07:29', 0, 1, 7, NULL, 94, 8, NULL, 93),
(414, 30, 20, '00:41:40', 0, 3, 5, NULL, 582, 4, NULL, 586),
(415, 31, 6, '00:23:17', 0, 1, 1, NULL, 289, 1, NULL, 290),
(416, 31, 206, '00:23:20', 0, 5, 2, NULL, 574, 1, NULL, 599),
(417, 31, 20, '00:23:22', 0, 1, 3, NULL, 582, 2, NULL, 586),
(418, 31, 205, '00:24:05', 0, 9, 4, NULL, 563, 2, NULL, 596),
(419, 31, 40, '00:24:09', 0, 2, 5, NULL, 183, 3, NULL, 197),
(420, 31, 24, '00:24:53', 0, 1, 6, NULL, 558, 3, NULL, 566),
(421, 31, 18, '00:26:00', 0, 3, 7, NULL, 376, 4, NULL, 381),
(422, 31, 5, '00:26:05', 0, 4, 8, NULL, 382, 4, NULL, 397),
(423, 31, 69, '00:26:14', 0, 1, 1, NULL, 597, 5, NULL, 553),
(424, 31, 259, '00:27:35', 0, 1, 1, NULL, 592, 6, NULL, 529),
(425, 31, 12, '00:27:47', 0, 1, 9, NULL, 525, 7, NULL, 531),
(426, 31, 112, '00:29:33', 0, 1, 2, NULL, 198, 8, NULL, 176),
(427, 31, 149, '00:29:49', 0, 4, 3, NULL, 591, 5, NULL, 577),
(428, 31, 66, '00:29:55', 0, 1, 2, NULL, 574, 9, NULL, 522),
(429, 31, 84, '00:30:23', 0, 1, 3, NULL, 375, 10, NULL, 348),
(430, 31, 19, '00:33:57', 0, 1, 10, NULL, 179, 6, NULL, 187),
(431, 31, 138, '00:35:04', 0, 1, 4, NULL, 557, 11, NULL, 504),
(432, 31, 273, '00:37:26', 0, 2, 5, NULL, 456, 12, NULL, 420),
(433, 31, 150, '00:39:36', 0, 1, 6, NULL, 95, 13, NULL, 88),
(434, 31, 175, '00:41:06', 0, 1, 7, NULL, 553, 7, NULL, 548),
(435, 31, 77, '00:42:13', 0, 1, 4, NULL, 97, 8, NULL, 93),
(436, 31, 210, '00:46:02', 0, 1, 8, NULL, 516, 9, NULL, 499),
(437, 31, 266, '00:46:03', 0, 3, 9, NULL, 532, 10, NULL, 533),
(438, 11, 263, '00:26:51', 0, 2, 3, NULL, 392, 2, NULL, 394),
(439, 11, 110, '00:32:06', 0, 2, 8, NULL, 473, 13, NULL, 425),
(440, 11, 232, '00:35:08', 0, 2, 8, NULL, 382, 11, NULL, 364),
(441, 11, 129, '00:45:00', 0, 1, 13, NULL, 170, 19, NULL, 153);

-- --------------------------------------------------------

--
-- Table structure for table `tblwma`
--

CREATE TABLE `tblwma` (
  `WMAID` int(11) NOT NULL,
  `WMADistance` float(8,5) NOT NULL,
  `WMAWRTime` int(11) NOT NULL,
  `WMARoad` tinyint(1) NOT NULL,
  `WMASex` varchar(1) NOT NULL,
  `WMAAge` int(11) NOT NULL,
  `WMAFactor` float(8,5) NOT NULL
) ENGINE=InnoDB DEFAULT CHARSET=latin1;

--
-- Dumping data for table `tblwma`
--

INSERT INTO `tblwma` (`WMAID`, `WMADistance`, `WMAWRTime`, `WMARoad`, `WMASex`, `WMAAge`, `WMAFactor`) VALUES
(1029, 10.00000, 1603, 1, 'M', 5, 0.60560),
(1030, 10.00000, 1603, 1, 'M', 6, 0.65960),
(1031, 10.00000, 1603, 1, 'M', 7, 0.70960),
(1032, 10.00000, 1603, 1, 'M', 8, 0.75560),
(1033, 10.00000, 1603, 1, 'M', 9, 0.79760),
(1034, 10.00000, 1603, 1, 'M', 10, 0.83560),
(1035, 10.00000, 1603, 1, 'M', 11, 0.86960),
(1036, 10.00000, 1603, 1, 'M', 12, 0.89960),
(1037, 10.00000, 1603, 1, 'M', 13, 0.92560),
(1038, 10.00000, 1603, 1, 'M', 14, 0.94760),
(1039, 10.00000, 1603, 1, 'M', 15, 0.96560),
(1040, 10.00000, 1603, 1, 'M', 16, 0.97960),
(1041, 10.00000, 1603, 1, 'M', 17, 0.99160),
(1042, 10.00000, 1603, 1, 'M', 18, 0.99930),
(1043, 10.00000, 1603, 1, 'M', 19, 1.00000),
(1044, 10.00000, 1603, 1, 'M', 20, 1.00000),
(1045, 10.00000, 1603, 1, 'M', 21, 1.00000),
(1046, 10.00000, 1603, 1, 'M', 22, 1.00000),
(1047, 10.00000, 1603, 1, 'M', 23, 1.00000),
(1048, 10.00000, 1603, 1, 'M', 24, 1.00000),
(1049, 10.00000, 1603, 1, 'M', 25, 1.00000),
(1050, 10.00000, 1603, 1, 'M', 26, 1.00000),
(1051, 10.00000, 1603, 1, 'M', 27, 1.00000),
(1052, 10.00000, 1603, 1, 'M', 28, 1.00000),
(1053, 10.00000, 1603, 1, 'M', 29, 1.00000),
(1054, 10.00000, 1603, 1, 'M', 30, 1.00000),
(1055, 10.00000, 1603, 1, 'M', 31, 0.99960),
(1056, 10.00000, 1603, 1, 'M', 32, 0.99840),
(1057, 10.00000, 1603, 1, 'M', 33, 0.99660),
(1058, 10.00000, 1603, 1, 'M', 34, 0.99410),
(1059, 10.00000, 1603, 1, 'M', 35, 0.99080),
(1060, 10.00000, 1603, 1, 'M', 36, 0.98690),
(1061, 10.00000, 1603, 1, 'M', 37, 0.98220),
(1062, 10.00000, 1603, 1, 'M', 38, 0.97690),
(1063, 10.00000, 1603, 1, 'M', 39, 0.97080),
(1064, 10.00000, 1603, 1, 'M', 40, 0.96400),
(1065, 10.00000, 1603, 1, 'M', 41, 0.95660),
(1066, 10.00000, 1603, 1, 'M', 42, 0.94910),
(1067, 10.00000, 1603, 1, 'M', 43, 0.94170),
(1068, 10.00000, 1603, 1, 'M', 44, 0.93420),
(1069, 10.00000, 1603, 1, 'M', 45, 0.92670),
(1070, 10.00000, 1603, 1, 'M', 46, 0.91920),
(1071, 10.00000, 1603, 1, 'M', 47, 0.91170),
(1072, 10.00000, 1603, 1, 'M', 48, 0.90430),
(1073, 10.00000, 1603, 1, 'M', 49, 0.89680),
(1074, 10.00000, 1603, 1, 'M', 50, 0.88930),
(1075, 10.00000, 1603, 1, 'M', 51, 0.88180),
(1076, 10.00000, 1603, 1, 'M', 52, 0.87430),
(1077, 10.00000, 1603, 1, 'M', 53, 0.86690),
(1078, 10.00000, 1603, 1, 'M', 54, 0.85940),
(1079, 10.00000, 1603, 1, 'M', 55, 0.85190),
(1080, 10.00000, 1603, 1, 'M', 56, 0.84440),
(1081, 10.00000, 1603, 1, 'M', 57, 0.83690),
(1082, 10.00000, 1603, 1, 'M', 58, 0.82950),
(1083, 10.00000, 1603, 1, 'M', 59, 0.82200),
(1084, 10.00000, 1603, 1, 'M', 60, 0.81450),
(1085, 10.00000, 1603, 1, 'M', 61, 0.80700),
(1086, 10.00000, 1603, 1, 'M', 62, 0.79950),
(1087, 10.00000, 1603, 1, 'M', 63, 0.79210),
(1088, 10.00000, 1603, 1, 'M', 64, 0.78460),
(1089, 10.00000, 1603, 1, 'M', 65, 0.77710),
(1090, 10.00000, 1603, 1, 'M', 66, 0.76960),
(1091, 10.00000, 1603, 1, 'M', 67, 0.76210),
(1092, 10.00000, 1603, 1, 'M', 68, 0.75470),
(1093, 10.00000, 1603, 1, 'M', 69, 0.74710),
(1094, 10.00000, 1603, 1, 'M', 70, 0.73910),
(1095, 10.00000, 1603, 1, 'M', 71, 0.73050),
(1096, 10.00000, 1603, 1, 'M', 72, 0.72110),
(1097, 10.00000, 1603, 1, 'M', 73, 0.71120),
(1098, 10.00000, 1603, 1, 'M', 74, 0.70050),
(1099, 10.00000, 1603, 1, 'M', 75, 0.68920),
(1100, 10.00000, 1603, 1, 'M', 76, 0.67720),
(1101, 10.00000, 1603, 1, 'M', 77, 0.66460),
(1102, 10.00000, 1603, 1, 'M', 78, 0.65130),
(1103, 10.00000, 1603, 1, 'M', 79, 0.63740),
(1104, 10.00000, 1603, 1, 'M', 80, 0.62280),
(1105, 10.00000, 1603, 1, 'M', 81, 0.60750),
(1106, 10.00000, 1603, 1, 'M', 82, 0.59160),
(1107, 10.00000, 1603, 1, 'M', 83, 0.57500),
(1108, 10.00000, 1603, 1, 'M', 84, 0.55770),
(1109, 10.00000, 1603, 1, 'M', 85, 0.53980),
(1110, 10.00000, 1603, 1, 'M', 86, 0.52130),
(1111, 10.00000, 1603, 1, 'M', 87, 0.50200),
(1112, 10.00000, 1603, 1, 'M', 88, 0.48210),
(1113, 10.00000, 1603, 1, 'M', 89, 0.46160),
(1114, 10.00000, 1603, 1, 'M', 90, 0.44040),
(1115, 10.00000, 1603, 1, 'M', 91, 0.41850),
(1116, 10.00000, 1603, 1, 'M', 92, 0.39600),
(1117, 10.00000, 1603, 1, 'M', 93, 0.37280),
(1118, 10.00000, 1603, 1, 'M', 94, 0.34890),
(1119, 10.00000, 1603, 1, 'M', 95, 0.32440),
(1120, 10.00000, 1603, 1, 'M', 96, 0.29930),
(1121, 10.00000, 1603, 1, 'M', 97, 0.27340),
(1122, 10.00000, 1603, 1, 'M', 98, 0.24700),
(1123, 10.00000, 1603, 1, 'M', 99, 0.21980),
(1124, 10.00000, 1603, 1, 'M', 100, 0.19200),
(1125, 16.09344, 2640, 1, 'M', 5, 0.60560),
(1126, 16.09344, 2640, 1, 'M', 6, 0.65960),
(1127, 16.09344, 2640, 1, 'M', 7, 0.70960),
(1128, 16.09344, 2640, 1, 'M', 8, 0.75560),
(1129, 16.09344, 2640, 1, 'M', 9, 0.79760),
(1130, 16.09344, 2640, 1, 'M', 10, 0.83560),
(1131, 16.09344, 2640, 1, 'M', 11, 0.86960),
(1132, 16.09344, 2640, 1, 'M', 12, 0.89960),
(1133, 16.09344, 2640, 1, 'M', 13, 0.92560),
(1134, 16.09344, 2640, 1, 'M', 14, 0.94760),
(1135, 16.09344, 2640, 1, 'M', 15, 0.96560),
(1136, 16.09344, 2640, 1, 'M', 16, 0.97960),
(1137, 16.09344, 2640, 1, 'M', 17, 0.99160),
(1138, 16.09344, 2640, 1, 'M', 18, 0.99930),
(1139, 16.09344, 2640, 1, 'M', 19, 1.00000),
(1140, 16.09344, 2640, 1, 'M', 20, 1.00000),
(1141, 16.09344, 2640, 1, 'M', 21, 1.00000),
(1142, 16.09344, 2640, 1, 'M', 22, 1.00000),
(1143, 16.09344, 2640, 1, 'M', 23, 1.00000),
(1144, 16.09344, 2640, 1, 'M', 24, 1.00000),
(1145, 16.09344, 2640, 1, 'M', 25, 1.00000),
(1146, 16.09344, 2640, 1, 'M', 26, 1.00000),
(1147, 16.09344, 2640, 1, 'M', 27, 1.00000),
(1148, 16.09344, 2640, 1, 'M', 28, 1.00000),
(1149, 16.09344, 2640, 1, 'M', 29, 1.00000),
(1150, 16.09344, 2640, 1, 'M', 30, 1.00000),
(1151, 16.09344, 2640, 1, 'M', 31, 1.00000),
(1152, 16.09344, 2640, 1, 'M', 32, 0.99950),
(1153, 16.09344, 2640, 1, 'M', 33, 0.99820),
(1154, 16.09344, 2640, 1, 'M', 34, 0.99630),
(1155, 16.09344, 2640, 1, 'M', 35, 0.99360),
(1156, 16.09344, 2640, 1, 'M', 36, 0.99020),
(1157, 16.09344, 2640, 1, 'M', 37, 0.98610),
(1158, 16.09344, 2640, 1, 'M', 38, 0.98130),
(1159, 16.09344, 2640, 1, 'M', 39, 0.97580),
(1160, 16.09344, 2640, 1, 'M', 40, 0.96950),
(1161, 16.09344, 2640, 1, 'M', 41, 0.96250),
(1162, 16.09344, 2640, 1, 'M', 42, 0.95490),
(1163, 16.09344, 2640, 1, 'M', 43, 0.94720),
(1164, 16.09344, 2640, 1, 'M', 44, 0.93960),
(1165, 16.09344, 2640, 1, 'M', 45, 0.93190),
(1166, 16.09344, 2640, 1, 'M', 46, 0.92420),
(1167, 16.09344, 2640, 1, 'M', 47, 0.91660),
(1168, 16.09344, 2640, 1, 'M', 48, 0.90890),
(1169, 16.09344, 2640, 1, 'M', 49, 0.90120),
(1170, 16.09344, 2640, 1, 'M', 50, 0.89350),
(1171, 16.09344, 2640, 1, 'M', 51, 0.88590),
(1172, 16.09344, 2640, 1, 'M', 52, 0.87820),
(1173, 16.09344, 2640, 1, 'M', 53, 0.87050),
(1174, 16.09344, 2640, 1, 'M', 54, 0.86290),
(1175, 16.09344, 2640, 1, 'M', 55, 0.85520),
(1176, 16.09344, 2640, 1, 'M', 56, 0.84750),
(1177, 16.09344, 2640, 1, 'M', 57, 0.83990),
(1178, 16.09344, 2640, 1, 'M', 58, 0.83220),
(1179, 16.09344, 2640, 1, 'M', 59, 0.82450),
(1180, 16.09344, 2640, 1, 'M', 60, 0.81680),
(1181, 16.09344, 2640, 1, 'M', 61, 0.80920),
(1182, 16.09344, 2640, 1, 'M', 62, 0.80150),
(1183, 16.09344, 2640, 1, 'M', 63, 0.79380),
(1184, 16.09344, 2640, 1, 'M', 64, 0.78620),
(1185, 16.09344, 2640, 1, 'M', 65, 0.77850),
(1186, 16.09344, 2640, 1, 'M', 66, 0.77080),
(1187, 16.09344, 2640, 1, 'M', 67, 0.76310),
(1188, 16.09344, 2640, 1, 'M', 68, 0.75550),
(1189, 16.09344, 2640, 1, 'M', 69, 0.74780),
(1190, 16.09344, 2640, 1, 'M', 70, 0.74010),
(1191, 16.09344, 2640, 1, 'M', 71, 0.73170),
(1192, 16.09344, 2640, 1, 'M', 72, 0.72270),
(1193, 16.09344, 2640, 1, 'M', 73, 0.71300),
(1194, 16.09344, 2640, 1, 'M', 74, 0.70260),
(1195, 16.09344, 2640, 1, 'M', 75, 0.69150),
(1196, 16.09344, 2640, 1, 'M', 76, 0.67970),
(1197, 16.09344, 2640, 1, 'M', 77, 0.66730),
(1198, 16.09344, 2640, 1, 'M', 78, 0.65420),
(1199, 16.09344, 2640, 1, 'M', 79, 0.64030),
(1200, 16.09344, 2640, 1, 'M', 80, 0.62580),
(1201, 16.09344, 2640, 1, 'M', 81, 0.61060),
(1202, 16.09344, 2640, 1, 'M', 82, 0.59470),
(1203, 16.09344, 2640, 1, 'M', 83, 0.57820),
(1204, 16.09344, 2640, 1, 'M', 84, 0.56090),
(1205, 16.09344, 2640, 1, 'M', 85, 0.54300),
(1206, 16.09344, 2640, 1, 'M', 86, 0.52440),
(1207, 16.09344, 2640, 1, 'M', 87, 0.50500),
(1208, 16.09344, 2640, 1, 'M', 88, 0.48500),
(1209, 16.09344, 2640, 1, 'M', 89, 0.46440),
(1210, 16.09344, 2640, 1, 'M', 90, 0.44300),
(1211, 16.09344, 2640, 1, 'M', 91, 0.42090),
(1212, 16.09344, 2640, 1, 'M', 92, 0.39820),
(1213, 16.09344, 2640, 1, 'M', 93, 0.37480),
(1214, 16.09344, 2640, 1, 'M', 94, 0.35060),
(1215, 16.09344, 2640, 1, 'M', 95, 0.32580),
(1216, 16.09344, 2640, 1, 'M', 96, 0.30040),
(1217, 16.09344, 2640, 1, 'M', 97, 0.27420),
(1218, 16.09344, 2640, 1, 'M', 98, 0.24730),
(1219, 16.09344, 2640, 1, 'M', 99, 0.21980),
(1220, 16.09344, 2640, 1, 'M', 100, 0.19160),
(1221, 21.09750, 3503, 1, 'M', 5, 0.60560),
(1222, 21.09750, 3503, 1, 'M', 6, 0.65960),
(1223, 21.09750, 3503, 1, 'M', 7, 0.70960),
(1224, 21.09750, 3503, 1, 'M', 8, 0.75560),
(1225, 21.09750, 3503, 1, 'M', 9, 0.79760),
(1226, 21.09750, 3503, 1, 'M', 10, 0.83560),
(1227, 21.09750, 3503, 1, 'M', 11, 0.86960),
(1228, 21.09750, 3503, 1, 'M', 12, 0.89960),
(1229, 21.09750, 3503, 1, 'M', 13, 0.92560),
(1230, 21.09750, 3503, 1, 'M', 14, 0.94760),
(1231, 21.09750, 3503, 1, 'M', 15, 0.96560),
(1232, 21.09750, 3503, 1, 'M', 16, 0.97960),
(1233, 21.09750, 3503, 1, 'M', 17, 0.99160),
(1234, 21.09750, 3503, 1, 'M', 18, 0.99930),
(1235, 21.09750, 3503, 1, 'M', 19, 1.00000),
(1236, 21.09750, 3503, 1, 'M', 20, 1.00000),
(1237, 21.09750, 3503, 1, 'M', 21, 1.00000),
(1238, 21.09750, 3503, 1, 'M', 22, 1.00000),
(1239, 21.09750, 3503, 1, 'M', 23, 1.00000),
(1240, 21.09750, 3503, 1, 'M', 24, 1.00000),
(1241, 21.09750, 3503, 1, 'M', 25, 1.00000),
(1242, 21.09750, 3503, 1, 'M', 26, 1.00000),
(1243, 21.09750, 3503, 1, 'M', 27, 1.00000),
(1244, 21.09750, 3503, 1, 'M', 28, 1.00000),
(1245, 21.09750, 3503, 1, 'M', 29, 1.00000),
(1246, 21.09750, 3503, 1, 'M', 30, 1.00000),
(1247, 21.09750, 3503, 1, 'M', 31, 1.00000),
(1248, 21.09750, 3503, 1, 'M', 32, 0.99980),
(1249, 21.09750, 3503, 1, 'M', 33, 0.99890),
(1250, 21.09750, 3503, 1, 'M', 34, 0.99730),
(1251, 21.09750, 3503, 1, 'M', 35, 0.99500),
(1252, 21.09750, 3503, 1, 'M', 36, 0.99200),
(1253, 21.09750, 3503, 1, 'M', 37, 0.98820),
(1254, 21.09750, 3503, 1, 'M', 38, 0.98370),
(1255, 21.09750, 3503, 1, 'M', 39, 0.97840),
(1256, 21.09750, 3503, 1, 'M', 40, 0.97250),
(1257, 21.09750, 3503, 1, 'M', 41, 0.96580),
(1258, 21.09750, 3503, 1, 'M', 42, 0.95840),
(1259, 21.09750, 3503, 1, 'M', 43, 0.95060),
(1260, 21.09750, 3503, 1, 'M', 44, 0.94280),
(1261, 21.09750, 3503, 1, 'M', 45, 0.93500),
(1262, 21.09750, 3503, 1, 'M', 46, 0.92730),
(1263, 21.09750, 3503, 1, 'M', 47, 0.91950),
(1264, 21.09750, 3503, 1, 'M', 48, 0.91170),
(1265, 21.09750, 3503, 1, 'M', 49, 0.90390),
(1266, 21.09750, 3503, 1, 'M', 50, 0.89610),
(1267, 21.09750, 3503, 1, 'M', 51, 0.88840),
(1268, 21.09750, 3503, 1, 'M', 52, 0.88060),
(1269, 21.09750, 3503, 1, 'M', 53, 0.87280),
(1270, 21.09750, 3503, 1, 'M', 54, 0.86500),
(1271, 21.09750, 3503, 1, 'M', 55, 0.85720),
(1272, 21.09750, 3503, 1, 'M', 56, 0.84950),
(1273, 21.09750, 3503, 1, 'M', 57, 0.84170),
(1274, 21.09750, 3503, 1, 'M', 58, 0.83390),
(1275, 21.09750, 3503, 1, 'M', 59, 0.82610),
(1276, 21.09750, 3503, 1, 'M', 60, 0.81830),
(1277, 21.09750, 3503, 1, 'M', 61, 0.81060),
(1278, 21.09750, 3503, 1, 'M', 62, 0.80280),
(1279, 21.09750, 3503, 1, 'M', 63, 0.79500),
(1280, 21.09750, 3503, 1, 'M', 64, 0.78720),
(1281, 21.09750, 3503, 1, 'M', 65, 0.77940),
(1282, 21.09750, 3503, 1, 'M', 66, 0.77170),
(1283, 21.09750, 3503, 1, 'M', 67, 0.76390),
(1284, 21.09750, 3503, 1, 'M', 68, 0.75610),
(1285, 21.09750, 3503, 1, 'M', 69, 0.74830),
(1286, 21.09750, 3503, 1, 'M', 70, 0.74050),
(1287, 21.09750, 3503, 1, 'M', 71, 0.73240),
(1288, 21.09750, 3503, 1, 'M', 72, 0.72360),
(1289, 21.09750, 3503, 1, 'M', 73, 0.71400),
(1290, 21.09750, 3503, 1, 'M', 74, 0.70380),
(1291, 21.09750, 3503, 1, 'M', 75, 0.69290),
(1292, 21.09750, 3503, 1, 'M', 76, 0.68130),
(1293, 21.09750, 3503, 1, 'M', 77, 0.66890),
(1294, 21.09750, 3503, 1, 'M', 78, 0.65590),
(1295, 21.09750, 3503, 1, 'M', 79, 0.64220),
(1296, 21.09750, 3503, 1, 'M', 80, 0.62770),
(1297, 21.09750, 3503, 1, 'M', 81, 0.61260),
(1298, 21.09750, 3503, 1, 'M', 82, 0.59680),
(1299, 21.09750, 3503, 1, 'M', 83, 0.58020),
(1300, 21.09750, 3503, 1, 'M', 84, 0.56300),
(1301, 21.09750, 3503, 1, 'M', 85, 0.54510),
(1302, 21.09750, 3503, 1, 'M', 86, 0.52650),
(1303, 21.09750, 3503, 1, 'M', 87, 0.50710),
(1304, 21.09750, 3503, 1, 'M', 88, 0.48710),
(1305, 21.09750, 3503, 1, 'M', 89, 0.46640),
(1306, 21.09750, 3503, 1, 'M', 90, 0.44490),
(1307, 21.09750, 3503, 1, 'M', 91, 0.42280),
(1308, 21.09750, 3503, 1, 'M', 92, 0.40000),
(1309, 21.09750, 3503, 1, 'M', 93, 0.37640),
(1310, 21.09750, 3503, 1, 'M', 94, 0.35220),
(1311, 21.09750, 3503, 1, 'M', 95, 0.32730),
(1312, 21.09750, 3503, 1, 'M', 96, 0.30170),
(1313, 21.09750, 3503, 1, 'M', 97, 0.27530),
(1314, 21.09750, 3503, 1, 'M', 98, 0.24830),
(1315, 21.09750, 3503, 1, 'M', 99, 0.22060),
(1316, 21.09750, 3503, 1, 'M', 100, 0.19210),
(1317, 42.19500, 7377, 1, 'M', 5, 0.60560),
(1318, 42.19500, 7377, 1, 'M', 6, 0.65960),
(1319, 42.19500, 7377, 1, 'M', 7, 0.70960),
(1320, 42.19500, 7377, 1, 'M', 8, 0.75560),
(1321, 42.19500, 7377, 1, 'M', 9, 0.79760),
(1322, 42.19500, 7377, 1, 'M', 10, 0.83560),
(1323, 42.19500, 7377, 1, 'M', 11, 0.86960),
(1324, 42.19500, 7377, 1, 'M', 12, 0.89960),
(1325, 42.19500, 7377, 1, 'M', 13, 0.92560),
(1326, 42.19500, 7377, 1, 'M', 14, 0.94760),
(1327, 42.19500, 7377, 1, 'M', 15, 0.96560),
(1328, 42.19500, 7377, 1, 'M', 16, 0.97960),
(1329, 42.19500, 7377, 1, 'M', 17, 0.99160),
(1330, 42.19500, 7377, 1, 'M', 18, 0.99930),
(1331, 42.19500, 7377, 1, 'M', 19, 1.00000),
(1332, 42.19500, 7377, 1, 'M', 20, 1.00000),
(1333, 42.19500, 7377, 1, 'M', 21, 1.00000),
(1334, 42.19500, 7377, 1, 'M', 22, 1.00000),
(1335, 42.19500, 7377, 1, 'M', 23, 1.00000),
(1336, 42.19500, 7377, 1, 'M', 24, 1.00000),
(1337, 42.19500, 7377, 1, 'M', 25, 1.00000),
(1338, 42.19500, 7377, 1, 'M', 26, 1.00000),
(1339, 42.19500, 7377, 1, 'M', 27, 1.00000),
(1340, 42.19500, 7377, 1, 'M', 28, 1.00000),
(1341, 42.19500, 7377, 1, 'M', 29, 1.00000),
(1342, 42.19500, 7377, 1, 'M', 30, 1.00000),
(1343, 42.19500, 7377, 1, 'M', 31, 1.00000),
(1344, 42.19500, 7377, 1, 'M', 32, 0.99980),
(1345, 42.19500, 7377, 1, 'M', 33, 0.99890),
(1346, 42.19500, 7377, 1, 'M', 34, 0.99730),
(1347, 42.19500, 7377, 1, 'M', 35, 0.99500),
(1348, 42.19500, 7377, 1, 'M', 36, 0.99200),
(1349, 42.19500, 7377, 1, 'M', 37, 0.98820),
(1350, 42.19500, 7377, 1, 'M', 38, 0.98370),
(1351, 42.19500, 7377, 1, 'M', 39, 0.97840),
(1352, 42.19500, 7377, 1, 'M', 40, 0.97250),
(1353, 42.19500, 7377, 1, 'M', 41, 0.96580),
(1354, 42.19500, 7377, 1, 'M', 42, 0.95840),
(1355, 42.19500, 7377, 1, 'M', 43, 0.95060),
(1356, 42.19500, 7377, 1, 'M', 44, 0.94280),
(1357, 42.19500, 7377, 1, 'M', 45, 0.93500),
(1358, 42.19500, 7377, 1, 'M', 46, 0.92730),
(1359, 42.19500, 7377, 1, 'M', 47, 0.91950),
(1360, 42.19500, 7377, 1, 'M', 48, 0.91170),
(1361, 42.19500, 7377, 1, 'M', 49, 0.90390),
(1362, 42.19500, 7377, 1, 'M', 50, 0.89610),
(1363, 42.19500, 7377, 1, 'M', 51, 0.88840),
(1364, 42.19500, 7377, 1, 'M', 52, 0.88060),
(1365, 42.19500, 7377, 1, 'M', 53, 0.87280),
(1366, 42.19500, 7377, 1, 'M', 54, 0.86500),
(1367, 42.19500, 7377, 1, 'M', 55, 0.85720),
(1368, 42.19500, 7377, 1, 'M', 56, 0.84950),
(1369, 42.19500, 7377, 1, 'M', 57, 0.84170),
(1370, 42.19500, 7377, 1, 'M', 58, 0.83390),
(1371, 42.19500, 7377, 1, 'M', 59, 0.82610),
(1372, 42.19500, 7377, 1, 'M', 60, 0.81830),
(1373, 42.19500, 7377, 1, 'M', 61, 0.81060),
(1374, 42.19500, 7377, 1, 'M', 62, 0.80280),
(1375, 42.19500, 7377, 1, 'M', 63, 0.79500),
(1376, 42.19500, 7377, 1, 'M', 64, 0.78720),
(1377, 42.19500, 7377, 1, 'M', 65, 0.77940),
(1378, 42.19500, 7377, 1, 'M', 66, 0.77170),
(1379, 42.19500, 7377, 1, 'M', 67, 0.76390),
(1380, 42.19500, 7377, 1, 'M', 68, 0.75610),
(1381, 42.19500, 7377, 1, 'M', 69, 0.74830),
(1382, 42.19500, 7377, 1, 'M', 70, 0.74050),
(1383, 42.19500, 7377, 1, 'M', 71, 0.73240),
(1384, 42.19500, 7377, 1, 'M', 72, 0.72360),
(1385, 42.19500, 7377, 1, 'M', 73, 0.71400),
(1386, 42.19500, 7377, 1, 'M', 74, 0.70380),
(1387, 42.19500, 7377, 1, 'M', 75, 0.69290),
(1388, 42.19500, 7377, 1, 'M', 76, 0.68130),
(1389, 42.19500, 7377, 1, 'M', 77, 0.66890),
(1390, 42.19500, 7377, 1, 'M', 78, 0.65590),
(1391, 42.19500, 7377, 1, 'M', 79, 0.64220),
(1392, 42.19500, 7377, 1, 'M', 80, 0.62770),
(1393, 42.19500, 7377, 1, 'M', 81, 0.61260),
(1394, 42.19500, 7377, 1, 'M', 82, 0.59680),
(1395, 42.19500, 7377, 1, 'M', 83, 0.58020),
(1396, 42.19500, 7377, 1, 'M', 84, 0.56300),
(1397, 42.19500, 7377, 1, 'M', 85, 0.54510),
(1398, 42.19500, 7377, 1, 'M', 86, 0.52650),
(1399, 42.19500, 7377, 1, 'M', 87, 0.50710),
(1400, 42.19500, 7377, 1, 'M', 88, 0.48710),
(1401, 42.19500, 7377, 1, 'M', 89, 0.46640),
(1402, 42.19500, 7377, 1, 'M', 90, 0.44490),
(1403, 42.19500, 7377, 1, 'M', 91, 0.42280),
(1404, 42.19500, 7377, 1, 'M', 92, 0.40000),
(1405, 42.19500, 7377, 1, 'M', 93, 0.37640),
(1406, 42.19500, 7377, 1, 'M', 94, 0.35220),
(1407, 42.19500, 7377, 1, 'M', 95, 0.32730),
(1408, 42.19500, 7377, 1, 'M', 96, 0.30170),
(1409, 42.19500, 7377, 1, 'M', 97, 0.27530),
(1410, 42.19500, 7377, 1, 'M', 98, 0.24830),
(1411, 42.19500, 7377, 1, 'M', 99, 0.22060),
(1412, 42.19500, 7377, 1, 'M', 100, 0.19210),
(1413, 10.00000, 1820, 1, 'F', 5, 0.69300),
(1414, 10.00000, 1820, 1, 'F', 6, 0.72630),
(1415, 10.00000, 1820, 1, 'F', 7, 0.75780),
(1416, 10.00000, 1820, 1, 'F', 8, 0.78740),
(1417, 10.00000, 1820, 1, 'F', 9, 0.81520),
(1418, 10.00000, 1820, 1, 'F', 10, 0.84130),
(1419, 10.00000, 1820, 1, 'F', 11, 0.86540),
(1420, 10.00000, 1820, 1, 'F', 12, 0.88780),
(1421, 10.00000, 1820, 1, 'F', 13, 0.90840),
(1422, 10.00000, 1820, 1, 'F', 14, 0.92710),
(1423, 10.00000, 1820, 1, 'F', 15, 0.94400),
(1424, 10.00000, 1820, 1, 'F', 16, 0.96000),
(1425, 10.00000, 1820, 1, 'F', 17, 0.97600),
(1426, 10.00000, 1820, 1, 'F', 18, 0.98930),
(1427, 10.00000, 1820, 1, 'F', 19, 0.99730),
(1428, 10.00000, 1820, 1, 'F', 20, 1.00000),
(1429, 10.00000, 1820, 1, 'F', 21, 1.00000),
(1430, 10.00000, 1820, 1, 'F', 22, 1.00000),
(1431, 10.00000, 1820, 1, 'F', 23, 1.00000),
(1432, 10.00000, 1820, 1, 'F', 24, 1.00000),
(1433, 10.00000, 1820, 1, 'F', 25, 1.00000),
(1434, 10.00000, 1820, 1, 'F', 26, 1.00000),
(1435, 10.00000, 1820, 1, 'F', 27, 1.00000),
(1436, 10.00000, 1820, 1, 'F', 28, 1.00000),
(1437, 10.00000, 1820, 1, 'F', 29, 1.00000),
(1438, 10.00000, 1820, 1, 'F', 30, 1.00000),
(1439, 10.00000, 1820, 1, 'F', 31, 0.99980),
(1440, 10.00000, 1820, 1, 'F', 32, 0.99890),
(1441, 10.00000, 1820, 1, 'F', 33, 0.99750),
(1442, 10.00000, 1820, 1, 'F', 34, 0.99550),
(1443, 10.00000, 1820, 1, 'F', 35, 0.99300),
(1444, 10.00000, 1820, 1, 'F', 36, 0.98980),
(1445, 10.00000, 1820, 1, 'F', 37, 0.98600),
(1446, 10.00000, 1820, 1, 'F', 38, 0.98170),
(1447, 10.00000, 1820, 1, 'F', 39, 0.97680),
(1448, 10.00000, 1820, 1, 'F', 40, 0.97130),
(1449, 10.00000, 1820, 1, 'F', 41, 0.96520),
(1450, 10.00000, 1820, 1, 'F', 42, 0.95850),
(1451, 10.00000, 1820, 1, 'F', 43, 0.95120),
(1452, 10.00000, 1820, 1, 'F', 44, 0.94330),
(1453, 10.00000, 1820, 1, 'F', 45, 0.93490),
(1454, 10.00000, 1820, 1, 'F', 46, 0.92590),
(1455, 10.00000, 1820, 1, 'F', 47, 0.91620),
(1456, 10.00000, 1820, 1, 'F', 48, 0.90600),
(1457, 10.00000, 1820, 1, 'F', 49, 0.89550),
(1458, 10.00000, 1820, 1, 'F', 50, 0.88500),
(1459, 10.00000, 1820, 1, 'F', 51, 0.87450),
(1460, 10.00000, 1820, 1, 'F', 52, 0.86400),
(1461, 10.00000, 1820, 1, 'F', 53, 0.85350),
(1462, 10.00000, 1820, 1, 'F', 54, 0.84300),
(1463, 10.00000, 1820, 1, 'F', 55, 0.83250),
(1464, 10.00000, 1820, 1, 'F', 56, 0.82200),
(1465, 10.00000, 1820, 1, 'F', 57, 0.81150),
(1466, 10.00000, 1820, 1, 'F', 58, 0.80100),
(1467, 10.00000, 1820, 1, 'F', 59, 0.79050),
(1468, 10.00000, 1820, 1, 'F', 60, 0.78000),
(1469, 10.00000, 1820, 1, 'F', 61, 0.76950),
(1470, 10.00000, 1820, 1, 'F', 62, 0.75900),
(1471, 10.00000, 1820, 1, 'F', 63, 0.74850),
(1472, 10.00000, 1820, 1, 'F', 64, 0.73800),
(1473, 10.00000, 1820, 1, 'F', 65, 0.72750),
(1474, 10.00000, 1820, 1, 'F', 66, 0.71700),
(1475, 10.00000, 1820, 1, 'F', 67, 0.70650),
(1476, 10.00000, 1820, 1, 'F', 68, 0.69600),
(1477, 10.00000, 1820, 1, 'F', 69, 0.68550),
(1478, 10.00000, 1820, 1, 'F', 70, 0.67500),
(1479, 10.00000, 1820, 1, 'F', 71, 0.66450),
(1480, 10.00000, 1820, 1, 'F', 72, 0.65400),
(1481, 10.00000, 1820, 1, 'F', 73, 0.64350),
(1482, 10.00000, 1820, 1, 'F', 74, 0.63300),
(1483, 10.00000, 1820, 1, 'F', 75, 0.62250),
(1484, 10.00000, 1820, 1, 'F', 76, 0.61200),
(1485, 10.00000, 1820, 1, 'F', 77, 0.60150),
(1486, 10.00000, 1820, 1, 'F', 78, 0.59100),
(1487, 10.00000, 1820, 1, 'F', 79, 0.58010),
(1488, 10.00000, 1820, 1, 'F', 80, 0.56810),
(1489, 10.00000, 1820, 1, 'F', 81, 0.55530),
(1490, 10.00000, 1820, 1, 'F', 82, 0.54150),
(1491, 10.00000, 1820, 1, 'F', 83, 0.52680),
(1492, 10.00000, 1820, 1, 'F', 84, 0.51110),
(1493, 10.00000, 1820, 1, 'F', 85, 0.49450),
(1494, 10.00000, 1820, 1, 'F', 86, 0.47690),
(1495, 10.00000, 1820, 1, 'F', 87, 0.45850),
(1496, 10.00000, 1820, 1, 'F', 88, 0.43900),
(1497, 10.00000, 1820, 1, 'F', 89, 0.41870),
(1498, 10.00000, 1820, 1, 'F', 90, 0.39730),
(1499, 10.00000, 1820, 1, 'F', 91, 0.37510),
(1500, 10.00000, 1820, 1, 'F', 92, 0.35190),
(1501, 10.00000, 1820, 1, 'F', 93, 0.32780),
(1502, 10.00000, 1820, 1, 'F', 94, 0.30270),
(1503, 10.00000, 1820, 1, 'F', 95, 0.27670),
(1504, 10.00000, 1820, 1, 'F', 96, 0.24970),
(1505, 10.00000, 1820, 1, 'F', 97, 0.22190),
(1506, 10.00000, 1820, 1, 'F', 98, 0.19300),
(1507, 10.00000, 1820, 1, 'F', 99, 0.16330),
(1508, 10.00000, 1820, 1, 'F', 100, 0.13250),
(1509, 16.09344, 2961, 1, 'F', 5, 0.65250),
(1510, 16.09344, 2961, 1, 'F', 6, 0.69240),
(1511, 16.09344, 2961, 1, 'F', 7, 0.73010),
(1512, 16.09344, 2961, 1, 'F', 8, 0.76560),
(1513, 16.09344, 2961, 1, 'F', 9, 0.79890),
(1514, 16.09344, 2961, 1, 'F', 10, 0.83000),
(1515, 16.09344, 2961, 1, 'F', 11, 0.85890),
(1516, 16.09344, 2961, 1, 'F', 12, 0.88560),
(1517, 16.09344, 2961, 1, 'F', 13, 0.91010),
(1518, 16.09344, 2961, 1, 'F', 14, 0.93240),
(1519, 16.09344, 2961, 1, 'F', 15, 0.95250),
(1520, 16.09344, 2961, 1, 'F', 16, 0.97150),
(1521, 16.09344, 2961, 1, 'F', 17, 0.99050),
(1522, 16.09344, 2961, 1, 'F', 18, 1.00000),
(1523, 16.09344, 2961, 1, 'F', 19, 1.00000),
(1524, 16.09344, 2961, 1, 'F', 20, 1.00000),
(1525, 16.09344, 2961, 1, 'F', 21, 1.00000),
(1526, 16.09344, 2961, 1, 'F', 22, 1.00000),
(1527, 16.09344, 2961, 1, 'F', 23, 1.00000),
(1528, 16.09344, 2961, 1, 'F', 24, 1.00000),
(1529, 16.09344, 2961, 1, 'F', 25, 1.00000),
(1530, 16.09344, 2961, 1, 'F', 26, 1.00000),
(1531, 16.09344, 2961, 1, 'F', 27, 1.00000),
(1532, 16.09344, 2961, 1, 'F', 28, 1.00000),
(1533, 16.09344, 2961, 1, 'F', 29, 1.00000),
(1534, 16.09344, 2961, 1, 'F', 30, 0.99970),
(1535, 16.09344, 2961, 1, 'F', 31, 0.99890),
(1536, 16.09344, 2961, 1, 'F', 32, 0.99750),
(1537, 16.09344, 2961, 1, 'F', 33, 0.99560),
(1538, 16.09344, 2961, 1, 'F', 34, 0.99310),
(1539, 16.09344, 2961, 1, 'F', 35, 0.99010),
(1540, 16.09344, 2961, 1, 'F', 36, 0.98650),
(1541, 16.09344, 2961, 1, 'F', 37, 0.98230),
(1542, 16.09344, 2961, 1, 'F', 38, 0.97760),
(1543, 16.09344, 2961, 1, 'F', 39, 0.97240),
(1544, 16.09344, 2961, 1, 'F', 40, 0.96660),
(1545, 16.09344, 2961, 1, 'F', 41, 0.96020),
(1546, 16.09344, 2961, 1, 'F', 42, 0.95330),
(1547, 16.09344, 2961, 1, 'F', 43, 0.94580),
(1548, 16.09344, 2961, 1, 'F', 44, 0.93780),
(1549, 16.09344, 2961, 1, 'F', 45, 0.92930),
(1550, 16.09344, 2961, 1, 'F', 46, 0.92010),
(1551, 16.09344, 2961, 1, 'F', 47, 0.91050),
(1552, 16.09344, 2961, 1, 'F', 48, 0.90030),
(1553, 16.09344, 2961, 1, 'F', 49, 0.88980),
(1554, 16.09344, 2961, 1, 'F', 50, 0.87930),
(1555, 16.09344, 2961, 1, 'F', 51, 0.86880),
(1556, 16.09344, 2961, 1, 'F', 52, 0.85830),
(1557, 16.09344, 2961, 1, 'F', 53, 0.84780),
(1558, 16.09344, 2961, 1, 'F', 54, 0.83730),
(1559, 16.09344, 2961, 1, 'F', 55, 0.82680),
(1560, 16.09344, 2961, 1, 'F', 56, 0.81630),
(1561, 16.09344, 2961, 1, 'F', 57, 0.80580),
(1562, 16.09344, 2961, 1, 'F', 58, 0.79530),
(1563, 16.09344, 2961, 1, 'F', 59, 0.78480),
(1564, 16.09344, 2961, 1, 'F', 60, 0.77430),
(1565, 16.09344, 2961, 1, 'F', 61, 0.76380),
(1566, 16.09344, 2961, 1, 'F', 62, 0.75330),
(1567, 16.09344, 2961, 1, 'F', 63, 0.74280),
(1568, 16.09344, 2961, 1, 'F', 64, 0.73230),
(1569, 16.09344, 2961, 1, 'F', 65, 0.72180),
(1570, 16.09344, 2961, 1, 'F', 66, 0.71130),
(1571, 16.09344, 2961, 1, 'F', 67, 0.70080),
(1572, 16.09344, 2961, 1, 'F', 68, 0.69030),
(1573, 16.09344, 2961, 1, 'F', 69, 0.67980),
(1574, 16.09344, 2961, 1, 'F', 70, 0.66930),
(1575, 16.09344, 2961, 1, 'F', 71, 0.65880),
(1576, 16.09344, 2961, 1, 'F', 72, 0.64830),
(1577, 16.09344, 2961, 1, 'F', 73, 0.63780),
(1578, 16.09344, 2961, 1, 'F', 74, 0.62730),
(1579, 16.09344, 2961, 1, 'F', 75, 0.61680),
(1580, 16.09344, 2961, 1, 'F', 76, 0.60630),
(1581, 16.09344, 2961, 1, 'F', 77, 0.59540),
(1582, 16.09344, 2961, 1, 'F', 78, 0.58370),
(1583, 16.09344, 2961, 1, 'F', 79, 0.57130),
(1584, 16.09344, 2961, 1, 'F', 80, 0.55790),
(1585, 16.09344, 2961, 1, 'F', 81, 0.54380),
(1586, 16.09344, 2961, 1, 'F', 82, 0.52880),
(1587, 16.09344, 2961, 1, 'F', 83, 0.51300),
(1588, 16.09344, 2961, 1, 'F', 84, 0.49640),
(1589, 16.09344, 2961, 1, 'F', 85, 0.47900),
(1590, 16.09344, 2961, 1, 'F', 86, 0.46070),
(1591, 16.09344, 2961, 1, 'F', 87, 0.44160),
(1592, 16.09344, 2961, 1, 'F', 88, 0.42170),
(1593, 16.09344, 2961, 1, 'F', 89, 0.40100),
(1594, 16.09344, 2961, 1, 'F', 90, 0.37940),
(1595, 16.09344, 2961, 1, 'F', 91, 0.35700),
(1596, 16.09344, 2961, 1, 'F', 92, 0.33380),
(1597, 16.09344, 2961, 1, 'F', 93, 0.30970),
(1598, 16.09344, 2961, 1, 'F', 94, 0.28490),
(1599, 16.09344, 2961, 1, 'F', 95, 0.25920),
(1600, 16.09344, 2961, 1, 'F', 96, 0.23260),
(1601, 16.09344, 2961, 1, 'F', 97, 0.20530),
(1602, 16.09344, 2961, 1, 'F', 98, 0.17710),
(1603, 16.09344, 2961, 1, 'F', 99, 0.14810),
(1604, 16.09344, 2961, 1, 'F', 100, 0.11830),
(1605, 21.09750, 3912, 1, 'F', 5, 0.59450),
(1606, 21.09750, 3912, 1, 'F', 6, 0.63820),
(1607, 21.09750, 3912, 1, 'F', 7, 0.67930),
(1608, 21.09750, 3912, 1, 'F', 8, 0.71780),
(1609, 21.09750, 3912, 1, 'F', 9, 0.75370),
(1610, 21.09750, 3912, 1, 'F', 10, 0.78700),
(1611, 21.09750, 3912, 1, 'F', 11, 0.81770),
(1612, 21.09750, 3912, 1, 'F', 12, 0.84580),
(1613, 21.09750, 3912, 1, 'F', 13, 0.87130),
(1614, 21.09750, 3912, 1, 'F', 14, 0.89420),
(1615, 21.09750, 3912, 1, 'F', 15, 0.91450),
(1616, 21.09750, 3912, 1, 'F', 16, 0.93350),
(1617, 21.09750, 3912, 1, 'F', 17, 0.95250),
(1618, 21.09750, 3912, 1, 'F', 18, 0.96960),
(1619, 21.09750, 3912, 1, 'F', 19, 0.98290),
(1620, 21.09750, 3912, 1, 'F', 20, 0.99240),
(1621, 21.09750, 3912, 1, 'F', 21, 0.99810),
(1622, 21.09750, 3912, 1, 'F', 22, 1.00000),
(1623, 21.09750, 3912, 1, 'F', 23, 1.00000),
(1624, 21.09750, 3912, 1, 'F', 24, 1.00000),
(1625, 21.09750, 3912, 1, 'F', 25, 1.00000),
(1626, 21.09750, 3912, 1, 'F', 26, 1.00000),
(1627, 21.09750, 3912, 1, 'F', 27, 1.00000),
(1628, 21.09750, 3912, 1, 'F', 28, 1.00000),
(1629, 21.09750, 3912, 1, 'F', 29, 1.00000),
(1630, 21.09750, 3912, 1, 'F', 30, 0.99970),
(1631, 21.09750, 3912, 1, 'F', 31, 0.99890),
(1632, 21.09750, 3912, 1, 'F', 32, 0.99750),
(1633, 21.09750, 3912, 1, 'F', 33, 0.99560),
(1634, 21.09750, 3912, 1, 'F', 34, 0.99310),
(1635, 21.09750, 3912, 1, 'F', 35, 0.99010),
(1636, 21.09750, 3912, 1, 'F', 36, 0.98650),
(1637, 21.09750, 3912, 1, 'F', 37, 0.98230),
(1638, 21.09750, 3912, 1, 'F', 38, 0.97760),
(1639, 21.09750, 3912, 1, 'F', 39, 0.97240),
(1640, 21.09750, 3912, 1, 'F', 40, 0.96660),
(1641, 21.09750, 3912, 1, 'F', 41, 0.96020),
(1642, 21.09750, 3912, 1, 'F', 42, 0.95330),
(1643, 21.09750, 3912, 1, 'F', 43, 0.94580),
(1644, 21.09750, 3912, 1, 'F', 44, 0.93780),
(1645, 21.09750, 3912, 1, 'F', 45, 0.92930),
(1646, 21.09750, 3912, 1, 'F', 46, 0.92010),
(1647, 21.09750, 3912, 1, 'F', 47, 0.91050),
(1648, 21.09750, 3912, 1, 'F', 48, 0.90030),
(1649, 21.09750, 3912, 1, 'F', 49, 0.88980),
(1650, 21.09750, 3912, 1, 'F', 50, 0.87930),
(1651, 21.09750, 3912, 1, 'F', 51, 0.86880),
(1652, 21.09750, 3912, 1, 'F', 52, 0.85830),
(1653, 21.09750, 3912, 1, 'F', 53, 0.84780),
(1654, 21.09750, 3912, 1, 'F', 54, 0.83730),
(1655, 21.09750, 3912, 1, 'F', 55, 0.82680),
(1656, 21.09750, 3912, 1, 'F', 56, 0.81630),
(1657, 21.09750, 3912, 1, 'F', 57, 0.80580),
(1658, 21.09750, 3912, 1, 'F', 58, 0.79530),
(1659, 21.09750, 3912, 1, 'F', 59, 0.78480),
(1660, 21.09750, 3912, 1, 'F', 60, 0.77430),
(1661, 21.09750, 3912, 1, 'F', 61, 0.76380),
(1662, 21.09750, 3912, 1, 'F', 62, 0.75330),
(1663, 21.09750, 3912, 1, 'F', 63, 0.74280),
(1664, 21.09750, 3912, 1, 'F', 64, 0.73230),
(1665, 21.09750, 3912, 1, 'F', 65, 0.72180),
(1666, 21.09750, 3912, 1, 'F', 66, 0.71130),
(1667, 21.09750, 3912, 1, 'F', 67, 0.70080),
(1668, 21.09750, 3912, 1, 'F', 68, 0.69030),
(1669, 21.09750, 3912, 1, 'F', 69, 0.67980),
(1670, 21.09750, 3912, 1, 'F', 70, 0.66930),
(1671, 21.09750, 3912, 1, 'F', 71, 0.65880),
(1672, 21.09750, 3912, 1, 'F', 72, 0.64830),
(1673, 21.09750, 3912, 1, 'F', 73, 0.63780),
(1674, 21.09750, 3912, 1, 'F', 74, 0.62730),
(1675, 21.09750, 3912, 1, 'F', 75, 0.61680),
(1676, 21.09750, 3912, 1, 'F', 76, 0.60590),
(1677, 21.09750, 3912, 1, 'F', 77, 0.59420),
(1678, 21.09750, 3912, 1, 'F', 78, 0.58180),
(1679, 21.09750, 3912, 1, 'F', 79, 0.56870),
(1680, 21.09750, 3912, 1, 'F', 80, 0.55480),
(1681, 21.09750, 3912, 1, 'F', 81, 0.54010),
(1682, 21.09750, 3912, 1, 'F', 82, 0.52460),
(1683, 21.09750, 3912, 1, 'F', 83, 0.50840),
(1684, 21.09750, 3912, 1, 'F', 84, 0.49150),
(1685, 21.09750, 3912, 1, 'F', 85, 0.47380),
(1686, 21.09750, 3912, 1, 'F', 86, 0.45530),
(1687, 21.09750, 3912, 1, 'F', 87, 0.43600),
(1688, 21.09750, 3912, 1, 'F', 88, 0.41600),
(1689, 21.09750, 3912, 1, 'F', 89, 0.39530),
(1690, 21.09750, 3912, 1, 'F', 90, 0.37380),
(1691, 21.09750, 3912, 1, 'F', 91, 0.35150),
(1692, 21.09750, 3912, 1, 'F', 92, 0.32840),
(1693, 21.09750, 3912, 1, 'F', 93, 0.30460),
(1694, 21.09750, 3912, 1, 'F', 94, 0.28010),
(1695, 21.09750, 3912, 1, 'F', 95, 0.25480),
(1696, 21.09750, 3912, 1, 'F', 96, 0.22870),
(1697, 21.09750, 3912, 1, 'F', 97, 0.20180),
(1698, 21.09750, 3912, 1, 'F', 98, 0.17420),
(1699, 21.09750, 3912, 1, 'F', 99, 0.14590),
(1700, 21.09750, 3912, 1, 'F', 100, 0.11680),
(1701, 42.19500, 8125, 1, 'F', 5, 0.69300),
(1702, 42.19500, 8125, 1, 'F', 6, 0.72630),
(1703, 42.19500, 8125, 1, 'F', 7, 0.75780),
(1704, 42.19500, 8125, 1, 'F', 8, 0.78740),
(1705, 42.19500, 8125, 1, 'F', 9, 0.81520),
(1706, 42.19500, 8125, 1, 'F', 10, 0.84130),
(1707, 42.19500, 8125, 1, 'F', 11, 0.86540),
(1708, 42.19500, 8125, 1, 'F', 12, 0.88780),
(1709, 42.19500, 8125, 1, 'F', 13, 0.90840),
(1710, 42.19500, 8125, 1, 'F', 14, 0.92710),
(1711, 42.19500, 8125, 1, 'F', 15, 0.94400),
(1712, 42.19500, 8125, 1, 'F', 16, 0.96000),
(1713, 42.19500, 8125, 1, 'F', 17, 0.97600),
(1714, 42.19500, 8125, 1, 'F', 18, 0.98930),
(1715, 42.19500, 8125, 1, 'F', 19, 0.99730),
(1716, 42.19500, 8125, 1, 'F', 20, 1.00000),
(1717, 42.19500, 8125, 1, 'F', 21, 1.00000),
(1718, 42.19500, 8125, 1, 'F', 22, 1.00000),
(1719, 42.19500, 8125, 1, 'F', 23, 1.00000),
(1720, 42.19500, 8125, 1, 'F', 24, 1.00000),
(1721, 42.19500, 8125, 1, 'F', 25, 1.00000),
(1722, 42.19500, 8125, 1, 'F', 26, 1.00000),
(1723, 42.19500, 8125, 1, 'F', 27, 1.00000),
(1724, 42.19500, 8125, 1, 'F', 28, 1.00000),
(1725, 42.19500, 8125, 1, 'F', 29, 1.00000),
(1726, 42.19500, 8125, 1, 'F', 30, 1.00000),
(1727, 42.19500, 8125, 1, 'F', 31, 0.99980),
(1728, 42.19500, 8125, 1, 'F', 32, 0.99890),
(1729, 42.19500, 8125, 1, 'F', 33, 0.99740),
(1730, 42.19500, 8125, 1, 'F', 34, 0.99530),
(1731, 42.19500, 8125, 1, 'F', 35, 0.99260),
(1732, 42.19500, 8125, 1, 'F', 36, 0.98930),
(1733, 42.19500, 8125, 1, 'F', 37, 0.98540),
(1734, 42.19500, 8125, 1, 'F', 38, 0.98080),
(1735, 42.19500, 8125, 1, 'F', 39, 0.97570),
(1736, 42.19500, 8125, 1, 'F', 40, 0.96990),
(1737, 42.19500, 8125, 1, 'F', 41, 0.96350),
(1738, 42.19500, 8125, 1, 'F', 42, 0.95650),
(1739, 42.19500, 8125, 1, 'F', 43, 0.94890),
(1740, 42.19500, 8125, 1, 'F', 44, 0.94060),
(1741, 42.19500, 8125, 1, 'F', 45, 0.93180),
(1742, 42.19500, 8125, 1, 'F', 46, 0.92230),
(1743, 42.19500, 8125, 1, 'F', 47, 0.91220),
(1744, 42.19500, 8125, 1, 'F', 48, 0.90160),
(1745, 42.19500, 8125, 1, 'F', 49, 0.89060),
(1746, 42.19500, 8125, 1, 'F', 50, 0.87960),
(1747, 42.19500, 8125, 1, 'F', 51, 0.86860),
(1748, 42.19500, 8125, 1, 'F', 52, 0.85760),
(1749, 42.19500, 8125, 1, 'F', 53, 0.84660),
(1750, 42.19500, 8125, 1, 'F', 54, 0.83560),
(1751, 42.19500, 8125, 1, 'F', 55, 0.82460),
(1752, 42.19500, 8125, 1, 'F', 56, 0.81360),
(1753, 42.19500, 8125, 1, 'F', 57, 0.80260),
(1754, 42.19500, 8125, 1, 'F', 58, 0.79160),
(1755, 42.19500, 8125, 1, 'F', 59, 0.78060),
(1756, 42.19500, 8125, 1, 'F', 60, 0.76960),
(1757, 42.19500, 8125, 1, 'F', 61, 0.75860),
(1758, 42.19500, 8125, 1, 'F', 62, 0.74760),
(1759, 42.19500, 8125, 1, 'F', 63, 0.73660),
(1760, 42.19500, 8125, 1, 'F', 64, 0.72560),
(1761, 42.19500, 8125, 1, 'F', 65, 0.71460),
(1762, 42.19500, 8125, 1, 'F', 66, 0.70360),
(1763, 42.19500, 8125, 1, 'F', 67, 0.69260),
(1764, 42.19500, 8125, 1, 'F', 68, 0.68160),
(1765, 42.19500, 8125, 1, 'F', 69, 0.67060),
(1766, 42.19500, 8125, 1, 'F', 70, 0.65960),
(1767, 42.19500, 8125, 1, 'F', 71, 0.64860),
(1768, 42.19500, 8125, 1, 'F', 72, 0.63760),
(1769, 42.19500, 8125, 1, 'F', 73, 0.62660),
(1770, 42.19500, 8125, 1, 'F', 74, 0.61560),
(1771, 42.19500, 8125, 1, 'F', 75, 0.60420),
(1772, 42.19500, 8125, 1, 'F', 76, 0.59200),
(1773, 42.19500, 8125, 1, 'F', 77, 0.57900),
(1774, 42.19500, 8125, 1, 'F', 78, 0.56520),
(1775, 42.19500, 8125, 1, 'F', 79, 0.55060),
(1776, 42.19500, 8125, 1, 'F', 80, 0.53520),
(1777, 42.19500, 8125, 1, 'F', 81, 0.51900),
(1778, 42.19500, 8125, 1, 'F', 82, 0.50200),
(1779, 42.19500, 8125, 1, 'F', 83, 0.48420),
(1780, 42.19500, 8125, 1, 'F', 84, 0.46560),
(1781, 42.19500, 8125, 1, 'F', 85, 0.44620),
(1782, 42.19500, 8125, 1, 'F', 86, 0.42600),
(1783, 42.19500, 8125, 1, 'F', 87, 0.40500),
(1784, 42.19500, 8125, 1, 'F', 88, 0.38320),
(1785, 42.19500, 8125, 1, 'F', 89, 0.36060),
(1786, 42.19500, 8125, 1, 'F', 90, 0.33720),
(1787, 42.19500, 8125, 1, 'F', 91, 0.31300),
(1788, 42.19500, 8125, 1, 'F', 92, 0.28800),
(1789, 42.19500, 8125, 1, 'F', 93, 0.26220),
(1790, 42.19500, 8125, 1, 'F', 94, 0.23560),
(1791, 42.19500, 8125, 1, 'F', 95, 0.20820),
(1792, 42.19500, 8125, 1, 'F', 96, 0.18000),
(1793, 42.19500, 8125, 1, 'F', 97, 0.15100),
(1794, 42.19500, 8125, 1, 'F', 98, 0.12120),
(1795, 42.19500, 8125, 1, 'F', 99, 0.09060),
(1796, 42.19500, 8125, 1, 'F', 100, 0.05920),
(1989, 6.00000, 942, 1, 'M', 5, 0.60560),
(1990, 6.00000, 942, 1, 'M', 6, 0.65960),
(1991, 6.00000, 942, 1, 'M', 7, 0.70960),
(1992, 6.00000, 942, 1, 'M', 8, 0.75560),
(1993, 6.00000, 942, 1, 'M', 9, 0.79760),
(1994, 6.00000, 942, 1, 'M', 10, 0.83560),
(1995, 6.00000, 942, 1, 'M', 11, 0.86960),
(1996, 6.00000, 942, 1, 'M', 12, 0.89960),
(1997, 6.00000, 942, 1, 'M', 13, 0.92560),
(1998, 6.00000, 942, 1, 'M', 14, 0.94760),
(1999, 6.00000, 942, 1, 'M', 15, 0.96560),
(2000, 6.00000, 942, 1, 'M', 16, 0.97960),
(2001, 6.00000, 942, 1, 'M', 17, 0.99160),
(2002, 6.00000, 942, 1, 'M', 18, 0.99930),
(2003, 6.00000, 942, 1, 'M', 19, 1.00000),
(2004, 6.00000, 942, 1, 'M', 20, 1.00000),
(2005, 6.00000, 942, 1, 'M', 21, 1.00000),
(2006, 6.00000, 942, 1, 'M', 22, 1.00000),
(2007, 6.00000, 942, 1, 'M', 23, 1.00000),
(2008, 6.00000, 942, 1, 'M', 24, 1.00000),
(2009, 6.00000, 942, 1, 'M', 25, 1.00000),
(2010, 6.00000, 942, 1, 'M', 26, 1.00000),
(2011, 6.00000, 942, 1, 'M', 27, 1.00000),
(2012, 6.00000, 942, 1, 'M', 28, 1.00000),
(2013, 6.00000, 942, 1, 'M', 29, 0.99950),
(2014, 6.00000, 942, 1, 'M', 30, 0.99830),
(2015, 6.00000, 942, 1, 'M', 31, 0.99650),
(2016, 6.00000, 942, 1, 'M', 32, 0.99400),
(2017, 6.00000, 942, 1, 'M', 33, 0.99080),
(2018, 6.00000, 942, 1, 'M', 34, 0.98700),
(2019, 6.00000, 942, 1, 'M', 35, 0.98240),
(2020, 6.00000, 942, 1, 'M', 36, 0.97730),
(2021, 6.00000, 942, 1, 'M', 37, 0.97140),
(2022, 6.00000, 942, 1, 'M', 38, 0.96490),
(2023, 6.00000, 942, 1, 'M', 39, 0.95800),
(2024, 6.00000, 942, 1, 'M', 40, 0.95110),
(2025, 6.00000, 942, 1, 'M', 41, 0.94420),
(2026, 6.00000, 942, 1, 'M', 42, 0.93730),
(2027, 6.00000, 942, 1, 'M', 43, 0.93040),
(2028, 6.00000, 942, 1, 'M', 44, 0.92350),
(2029, 6.00000, 942, 1, 'M', 45, 0.91660),
(2030, 6.00000, 942, 1, 'M', 46, 0.90960),
(2031, 6.00000, 942, 1, 'M', 47, 0.90270),
(2032, 6.00000, 942, 1, 'M', 48, 0.89580),
(2033, 6.00000, 942, 1, 'M', 49, 0.88890),
(2034, 6.00000, 942, 1, 'M', 50, 0.88200),
(2035, 6.00000, 942, 1, 'M', 51, 0.87510),
(2036, 6.00000, 942, 1, 'M', 52, 0.86820),
(2037, 6.00000, 942, 1, 'M', 53, 0.86130),
(2038, 6.00000, 942, 1, 'M', 54, 0.85440),
(2039, 6.00000, 942, 1, 'M', 55, 0.84750),
(2040, 6.00000, 942, 1, 'M', 56, 0.84060),
(2041, 6.00000, 942, 1, 'M', 57, 0.83370),
(2042, 6.00000, 942, 1, 'M', 58, 0.82680),
(2043, 6.00000, 942, 1, 'M', 59, 0.81990),
(2044, 6.00000, 942, 1, 'M', 60, 0.81300),
(2045, 6.00000, 942, 1, 'M', 61, 0.80610),
(2046, 6.00000, 942, 1, 'M', 62, 0.79920),
(2047, 6.00000, 942, 1, 'M', 63, 0.79230),
(2048, 6.00000, 942, 1, 'M', 64, 0.78540),
(2049, 6.00000, 942, 1, 'M', 65, 0.77850),
(2050, 6.00000, 942, 1, 'M', 66, 0.77150),
(2051, 6.00000, 942, 1, 'M', 67, 0.76460),
(2052, 6.00000, 942, 1, 'M', 68, 0.75770),
(2053, 6.00000, 942, 1, 'M', 69, 0.75010),
(2054, 6.00000, 942, 1, 'M', 70, 0.74190),
(2055, 6.00000, 942, 1, 'M', 71, 0.73310),
(2056, 6.00000, 942, 1, 'M', 72, 0.72370),
(2057, 6.00000, 942, 1, 'M', 73, 0.71360),
(2058, 6.00000, 942, 1, 'M', 74, 0.70280),
(2059, 6.00000, 942, 1, 'M', 75, 0.69150),
(2060, 6.00000, 942, 1, 'M', 76, 0.67950),
(2061, 6.00000, 942, 1, 'M', 77, 0.66680),
(2062, 6.00000, 942, 1, 'M', 78, 0.65350),
(2063, 6.00000, 942, 1, 'M', 79, 0.63960),
(2064, 6.00000, 942, 1, 'M', 80, 0.62500),
(2065, 6.00000, 942, 1, 'M', 81, 0.60980),
(2066, 6.00000, 942, 1, 'M', 82, 0.59400),
(2067, 6.00000, 942, 1, 'M', 83, 0.57750),
(2068, 6.00000, 942, 1, 'M', 84, 0.56040),
(2069, 6.00000, 942, 1, 'M', 85, 0.54270),
(2070, 6.00000, 942, 1, 'M', 86, 0.52430),
(2071, 6.00000, 942, 1, 'M', 87, 0.50520),
(2072, 6.00000, 942, 1, 'M', 88, 0.48560),
(2073, 6.00000, 942, 1, 'M', 89, 0.46530),
(2074, 6.00000, 942, 1, 'M', 90, 0.44430),
(2075, 6.00000, 942, 1, 'M', 91, 0.42280),
(2076, 6.00000, 942, 1, 'M', 92, 0.40050),
(2077, 6.00000, 942, 1, 'M', 93, 0.37770),
(2078, 6.00000, 942, 1, 'M', 94, 0.35420),
(2079, 6.00000, 942, 1, 'M', 95, 0.33010),
(2080, 6.00000, 942, 1, 'M', 96, 0.30530),
(2081, 6.00000, 942, 1, 'M', 97, 0.27990),
(2082, 6.00000, 942, 1, 'M', 98, 0.25380),
(2083, 6.00000, 942, 1, 'M', 99, 0.22720),
(2084, 6.00000, 942, 1, 'M', 100, 0.19980),
(2085, 6.00000, 1071, 1, 'F', 5, 0.69300),
(2086, 6.00000, 1071, 1, 'F', 6, 0.72630),
(2087, 6.00000, 1071, 1, 'F', 7, 0.75780),
(2088, 6.00000, 1071, 1, 'F', 8, 0.78740),
(2089, 6.00000, 1071, 1, 'F', 9, 0.81520),
(2090, 6.00000, 1071, 1, 'F', 10, 0.84130),
(2091, 6.00000, 1071, 1, 'F', 11, 0.86540),
(2092, 6.00000, 1071, 1, 'F', 12, 0.88780),
(2093, 6.00000, 1071, 1, 'F', 13, 0.90840),
(2094, 6.00000, 1071, 1, 'F', 14, 0.92710),
(2095, 6.00000, 1071, 1, 'F', 15, 0.94400),
(2096, 6.00000, 1071, 1, 'F', 16, 0.96000),
(2097, 6.00000, 1071, 1, 'F', 17, 0.97600),
(2098, 6.00000, 1071, 1, 'F', 18, 0.98930),
(2099, 6.00000, 1071, 1, 'F', 19, 0.99730),
(2100, 6.00000, 1071, 1, 'F', 20, 1.00000),
(2101, 6.00000, 1071, 1, 'F', 21, 1.00000),
(2102, 6.00000, 1071, 1, 'F', 22, 1.00000),
(2103, 6.00000, 1071, 1, 'F', 23, 1.00000),
(2104, 6.00000, 1071, 1, 'F', 24, 1.00000),
(2105, 6.00000, 1071, 1, 'F', 25, 1.00000),
(2106, 6.00000, 1071, 1, 'F', 26, 1.00000),
(2107, 6.00000, 1071, 1, 'F', 27, 1.00000),
(2108, 6.00000, 1071, 1, 'F', 28, 1.00000),
(2109, 6.00000, 1071, 1, 'F', 29, 1.00000),
(2110, 6.00000, 1071, 1, 'F', 30, 1.00000),
(2111, 6.00000, 1071, 1, 'F', 31, 0.99980),
(2112, 6.00000, 1071, 1, 'F', 32, 0.99900),
(2113, 6.00000, 1071, 1, 'F', 33, 0.99770),
(2114, 6.00000, 1071, 1, 'F', 34, 0.99580),
(2115, 6.00000, 1071, 1, 'F', 35, 0.99330),
(2116, 6.00000, 1071, 1, 'F', 36, 0.99040),
(2117, 6.00000, 1071, 1, 'F', 37, 0.98680),
(2118, 6.00000, 1071, 1, 'F', 38, 0.98270),
(2119, 6.00000, 1071, 1, 'F', 39, 0.97810),
(2120, 6.00000, 1071, 1, 'F', 40, 0.97280),
(2121, 6.00000, 1071, 1, 'F', 41, 0.96710),
(2122, 6.00000, 1071, 1, 'F', 42, 0.96080),
(2123, 6.00000, 1071, 1, 'F', 43, 0.95390),
(2124, 6.00000, 1071, 1, 'F', 44, 0.94650),
(2125, 6.00000, 1071, 1, 'F', 45, 0.93850),
(2126, 6.00000, 1071, 1, 'F', 46, 0.93000),
(2127, 6.00000, 1071, 1, 'F', 47, 0.92090),
(2128, 6.00000, 1071, 1, 'F', 48, 0.91120),
(2129, 6.00000, 1071, 1, 'F', 49, 0.90130),
(2130, 6.00000, 1071, 1, 'F', 50, 0.89140),
(2131, 6.00000, 1071, 1, 'F', 51, 0.88150),
(2132, 6.00000, 1071, 1, 'F', 52, 0.87160),
(2133, 6.00000, 1071, 1, 'F', 53, 0.86160),
(2134, 6.00000, 1071, 1, 'F', 54, 0.85170),
(2135, 6.00000, 1071, 1, 'F', 55, 0.84180),
(2136, 6.00000, 1071, 1, 'F', 56, 0.83190),
(2137, 6.00000, 1071, 1, 'F', 57, 0.82200),
(2138, 6.00000, 1071, 1, 'F', 58, 0.81210),
(2139, 6.00000, 1071, 1, 'F', 59, 0.80210),
(2140, 6.00000, 1071, 1, 'F', 60, 0.79220),
(2141, 6.00000, 1071, 1, 'F', 61, 0.78230),
(2142, 6.00000, 1071, 1, 'F', 62, 0.77240),
(2143, 6.00000, 1071, 1, 'F', 63, 0.76250),
(2144, 6.00000, 1071, 1, 'F', 64, 0.75260),
(2145, 6.00000, 1071, 1, 'F', 65, 0.74260),
(2146, 6.00000, 1071, 1, 'F', 66, 0.73270),
(2147, 6.00000, 1071, 1, 'F', 67, 0.72280),
(2148, 6.00000, 1071, 1, 'F', 68, 0.71290),
(2149, 6.00000, 1071, 1, 'F', 69, 0.70300),
(2150, 6.00000, 1071, 1, 'F', 70, 0.69300),
(2151, 6.00000, 1071, 1, 'F', 71, 0.68310),
(2152, 6.00000, 1071, 1, 'F', 72, 0.67320),
(2153, 6.00000, 1071, 1, 'F', 73, 0.66330),
(2154, 6.00000, 1071, 1, 'F', 74, 0.65340),
(2155, 6.00000, 1071, 1, 'F', 75, 0.64350),
(2156, 6.00000, 1071, 1, 'F', 76, 0.63350),
(2157, 6.00000, 1071, 1, 'F', 77, 0.62360),
(2158, 6.00000, 1071, 1, 'F', 78, 0.61370),
(2159, 6.00000, 1071, 1, 'F', 79, 0.60360),
(2160, 6.00000, 1071, 1, 'F', 80, 0.59260),
(2161, 6.00000, 1071, 1, 'F', 81, 0.58070),
(2162, 6.00000, 1071, 1, 'F', 82, 0.56780),
(2163, 6.00000, 1071, 1, 'F', 83, 0.55400),
(2164, 6.00000, 1071, 1, 'F', 84, 0.53930),
(2165, 6.00000, 1071, 1, 'F', 85, 0.52360),
(2166, 6.00000, 1071, 1, 'F', 86, 0.50700),
(2167, 6.00000, 1071, 1, 'F', 87, 0.48940),
(2168, 6.00000, 1071, 1, 'F', 88, 0.47090),
(2169, 6.00000, 1071, 1, 'F', 89, 0.45150),
(2170, 6.00000, 1071, 1, 'F', 90, 0.43110),
(2171, 6.00000, 1071, 1, 'F', 91, 0.40980),
(2172, 6.00000, 1071, 1, 'F', 92, 0.38750),
(2173, 6.00000, 1071, 1, 'F', 93, 0.36430),
(2174, 6.00000, 1071, 1, 'F', 94, 0.34020),
(2175, 6.00000, 1071, 1, 'F', 95, 0.31510),
(2176, 6.00000, 1071, 1, 'F', 96, 0.28910),
(2177, 6.00000, 1071, 1, 'F', 97, 0.26210),
(2178, 6.00000, 1071, 1, 'F', 98, 0.23420),
(2179, 6.00000, 1071, 1, 'F', 99, 0.20540),
(2180, 6.00000, 1071, 1, 'F', 100, 0.17560),
(2658, 8.85139, 1398, 1, 'M', 5, 0.63320),
(2659, 8.85139, 1398, 1, 'M', 6, 0.67740),
(2660, 8.85139, 1398, 1, 'M', 7, 0.71870),
(2661, 8.85139, 1398, 1, 'M', 8, 0.75700),
(2662, 8.85139, 1398, 1, 'M', 9, 0.79230),
(2663, 8.85139, 1398, 1, 'M', 10, 0.82470),
(2664, 8.85139, 1398, 1, 'M', 11, 0.85420),
(2665, 8.85139, 1398, 1, 'M', 12, 0.88070),
(2666, 8.85139, 1398, 1, 'M', 13, 0.90430),
(2667, 8.85139, 1398, 1, 'M', 14, 0.92500),
(2668, 8.85139, 1398, 1, 'M', 15, 0.94270),
(2669, 8.85139, 1398, 1, 'M', 16, 0.95740),
(2670, 8.85139, 1398, 1, 'M', 17, 0.97010),
(2671, 8.85139, 1398, 1, 'M', 18, 0.98030),
(2672, 8.85139, 1398, 1, 'M', 19, 0.98770),
(2673, 8.85139, 1398, 1, 'M', 20, 0.99370),
(2674, 8.85139, 1398, 1, 'M', 21, 0.99770),
(2675, 8.85139, 1398, 1, 'M', 22, 0.99980),
(2676, 8.85139, 1398, 1, 'M', 23, 1.00000),
(2677, 8.85139, 1398, 1, 'M', 24, 1.00000),
(2678, 8.85139, 1398, 1, 'M', 25, 1.00000),
(2679, 8.85139, 1398, 1, 'M', 26, 1.00000),
(2680, 8.85139, 1398, 1, 'M', 27, 1.00000),
(2681, 8.85139, 1398, 1, 'M', 28, 0.99990),
(2682, 8.85139, 1398, 1, 'M', 29, 0.99950),
(2683, 8.85139, 1398, 1, 'M', 30, 0.99850),
(2684, 8.85139, 1398, 1, 'M', 31, 0.99700),
(2685, 8.85139, 1398, 1, 'M', 32, 0.99480),
(2686, 8.85139, 1398, 1, 'M', 33, 0.99180),
(2687, 8.85139, 1398, 1, 'M', 34, 0.98820),
(2688, 8.85139, 1398, 1, 'M', 35, 0.98370),
(2689, 8.85139, 1398, 1, 'M', 36, 0.97870),
(2690, 8.85139, 1398, 1, 'M', 37, 0.97280),
(2691, 8.85139, 1398, 1, 'M', 38, 0.96650),
(2692, 8.85139, 1398, 1, 'M', 39, 0.95980),
(2693, 8.85139, 1398, 1, 'M', 40, 0.95290),
(2694, 8.85139, 1398, 1, 'M', 41, 0.94570),
(2695, 8.85139, 1398, 1, 'M', 42, 0.93850),
(2696, 8.85139, 1398, 1, 'M', 43, 0.93130),
(2697, 8.85139, 1398, 1, 'M', 44, 0.92400),
(2698, 8.85139, 1398, 1, 'M', 45, 0.91680),
(2699, 8.85139, 1398, 1, 'M', 46, 0.90960),
(2700, 8.85139, 1398, 1, 'M', 47, 0.90240),
(2701, 8.85139, 1398, 1, 'M', 48, 0.89520),
(2702, 8.85139, 1398, 1, 'M', 49, 0.88790),
(2703, 8.85139, 1398, 1, 'M', 50, 0.88070),
(2704, 8.85139, 1398, 1, 'M', 51, 0.87340),
(2705, 8.85139, 1398, 1, 'M', 52, 0.86620),
(2706, 8.85139, 1398, 1, 'M', 53, 0.85910),
(2707, 8.85139, 1398, 1, 'M', 54, 0.85180),
(2708, 8.85139, 1398, 1, 'M', 55, 0.84460),
(2709, 8.85139, 1398, 1, 'M', 56, 0.83730),
(2710, 8.85139, 1398, 1, 'M', 57, 0.83010),
(2711, 8.85139, 1398, 1, 'M', 58, 0.82300),
(2712, 8.85139, 1398, 1, 'M', 59, 0.81570),
(2713, 8.85139, 1398, 1, 'M', 60, 0.80850),
(2714, 8.85139, 1398, 1, 'M', 61, 0.80120),
(2715, 8.85139, 1398, 1, 'M', 62, 0.79400),
(2716, 8.85139, 1398, 1, 'M', 63, 0.78690),
(2717, 8.85139, 1398, 1, 'M', 64, 0.77960),
(2718, 8.85139, 1398, 1, 'M', 65, 0.77240),
(2719, 8.85139, 1398, 1, 'M', 66, 0.76510),
(2720, 8.85139, 1398, 1, 'M', 67, 0.75790),
(2721, 8.85139, 1398, 1, 'M', 68, 0.75070),
(2722, 8.85139, 1398, 1, 'M', 69, 0.74300),
(2723, 8.85139, 1398, 1, 'M', 70, 0.73490),
(2724, 8.85139, 1398, 1, 'M', 71, 0.72610),
(2725, 8.85139, 1398, 1, 'M', 72, 0.71660),
(2726, 8.85139, 1398, 1, 'M', 73, 0.70640),
(2727, 8.85139, 1398, 1, 'M', 74, 0.69570),
(2728, 8.85139, 1398, 1, 'M', 75, 0.68430),
(2729, 8.85139, 1398, 1, 'M', 76, 0.67220),
(2730, 8.85139, 1398, 1, 'M', 77, 0.65950),
(2731, 8.85139, 1398, 1, 'M', 78, 0.64610),
(2732, 8.85139, 1398, 1, 'M', 79, 0.63220),
(2733, 8.85139, 1398, 1, 'M', 80, 0.61750),
(2734, 8.85139, 1398, 1, 'M', 81, 0.60220),
(2735, 8.85139, 1398, 1, 'M', 82, 0.58620),
(2736, 8.85139, 1398, 1, 'M', 83, 0.56970),
(2737, 8.85139, 1398, 1, 'M', 84, 0.55250),
(2738, 8.85139, 1398, 1, 'M', 85, 0.53460),
(2739, 8.85139, 1398, 1, 'M', 86, 0.51610),
(2740, 8.85139, 1398, 1, 'M', 87, 0.49690),
(2741, 8.85139, 1398, 1, 'M', 88, 0.47700),
(2742, 8.85139, 1398, 1, 'M', 89, 0.45660),
(2743, 8.85139, 1398, 1, 'M', 90, 0.43550),
(2744, 8.85139, 1398, 1, 'M', 91, 0.41370),
(2745, 8.85139, 1398, 1, 'M', 92, 0.39140),
(2746, 8.85139, 1398, 1, 'M', 93, 0.36830),
(2747, 8.85139, 1398, 1, 'M', 94, 0.34460),
(2748, 8.85139, 1398, 1, 'M', 95, 0.32030),
(2749, 8.85139, 1398, 1, 'M', 96, 0.29540),
(2750, 8.85139, 1398, 1, 'M', 97, 0.26970),
(2751, 8.85139, 1398, 1, 'M', 98, 0.24340),
(2752, 8.85139, 1398, 1, 'M', 99, 0.21650),
(2753, 8.85139, 1398, 1, 'M', 100, 0.18890),
(2754, 22.20895, 3703, 1, 'M', 5, 0.60560),
(2755, 22.20895, 3703, 1, 'M', 6, 0.65960),
(2756, 22.20895, 3703, 1, 'M', 7, 0.70960),
(2757, 22.20895, 3703, 1, 'M', 8, 0.75560),
(2758, 22.20895, 3703, 1, 'M', 9, 0.79760),
(2759, 22.20895, 3703, 1, 'M', 10, 0.83560),
(2760, 22.20895, 3703, 1, 'M', 11, 0.86960),
(2761, 22.20895, 3703, 1, 'M', 12, 0.89960),
(2762, 22.20895, 3703, 1, 'M', 13, 0.92560),
(2763, 22.20895, 3703, 1, 'M', 14, 0.94760),
(2764, 22.20895, 3703, 1, 'M', 15, 0.96560),
(2765, 22.20895, 3703, 1, 'M', 16, 0.97960),
(2766, 22.20895, 3703, 1, 'M', 17, 0.99160),
(2767, 22.20895, 3703, 1, 'M', 18, 0.99930),
(2768, 22.20895, 3703, 1, 'M', 19, 1.00000),
(2769, 22.20895, 3703, 1, 'M', 20, 1.00000),
(2770, 22.20895, 3703, 1, 'M', 21, 1.00000),
(2771, 22.20895, 3703, 1, 'M', 22, 1.00000),
(2772, 22.20895, 3703, 1, 'M', 23, 1.00000),
(2773, 22.20895, 3703, 1, 'M', 24, 1.00000),
(2774, 22.20895, 3703, 1, 'M', 25, 1.00000),
(2775, 22.20895, 3703, 1, 'M', 26, 1.00000),
(2776, 22.20895, 3703, 1, 'M', 27, 1.00000),
(2777, 22.20895, 3703, 1, 'M', 28, 1.00000),
(2778, 22.20895, 3703, 1, 'M', 29, 1.00000),
(2779, 22.20895, 3703, 1, 'M', 30, 1.00000),
(2780, 22.20895, 3703, 1, 'M', 31, 1.00000),
(2781, 22.20895, 3703, 1, 'M', 32, 0.99980),
(2782, 22.20895, 3703, 1, 'M', 33, 0.99890),
(2783, 22.20895, 3703, 1, 'M', 34, 0.99730),
(2784, 22.20895, 3703, 1, 'M', 35, 0.99500),
(2785, 22.20895, 3703, 1, 'M', 36, 0.99200),
(2786, 22.20895, 3703, 1, 'M', 37, 0.98820),
(2787, 22.20895, 3703, 1, 'M', 38, 0.98370),
(2788, 22.20895, 3703, 1, 'M', 39, 0.97840),
(2789, 22.20895, 3703, 1, 'M', 40, 0.97250),
(2790, 22.20895, 3703, 1, 'M', 41, 0.96580),
(2791, 22.20895, 3703, 1, 'M', 42, 0.95840),
(2792, 22.20895, 3703, 1, 'M', 43, 0.95060),
(2793, 22.20895, 3703, 1, 'M', 44, 0.94280),
(2794, 22.20895, 3703, 1, 'M', 45, 0.93500),
(2795, 22.20895, 3703, 1, 'M', 46, 0.92730),
(2796, 22.20895, 3703, 1, 'M', 47, 0.91950),
(2797, 22.20895, 3703, 1, 'M', 48, 0.91170),
(2798, 22.20895, 3703, 1, 'M', 49, 0.90390),
(2799, 22.20895, 3703, 1, 'M', 50, 0.89610),
(2800, 22.20895, 3703, 1, 'M', 51, 0.88840),
(2801, 22.20895, 3703, 1, 'M', 52, 0.88060),
(2802, 22.20895, 3703, 1, 'M', 53, 0.87280),
(2803, 22.20895, 3703, 1, 'M', 54, 0.86500),
(2804, 22.20895, 3703, 1, 'M', 55, 0.85720),
(2805, 22.20895, 3703, 1, 'M', 56, 0.84950),
(2806, 22.20895, 3703, 1, 'M', 57, 0.84170),
(2807, 22.20895, 3703, 1, 'M', 58, 0.83390),
(2808, 22.20895, 3703, 1, 'M', 59, 0.82610),
(2809, 22.20895, 3703, 1, 'M', 60, 0.81830),
(2810, 22.20895, 3703, 1, 'M', 61, 0.81060),
(2811, 22.20895, 3703, 1, 'M', 62, 0.80280),
(2812, 22.20895, 3703, 1, 'M', 63, 0.79500),
(2813, 22.20895, 3703, 1, 'M', 64, 0.78720),
(2814, 22.20895, 3703, 1, 'M', 65, 0.77940),
(2815, 22.20895, 3703, 1, 'M', 66, 0.77170),
(2816, 22.20895, 3703, 1, 'M', 67, 0.76390),
(2817, 22.20895, 3703, 1, 'M', 68, 0.75610),
(2818, 22.20895, 3703, 1, 'M', 69, 0.74830),
(2819, 22.20895, 3703, 1, 'M', 70, 0.74050),
(2820, 22.20895, 3703, 1, 'M', 71, 0.73240),
(2821, 22.20895, 3703, 1, 'M', 72, 0.72360),
(2822, 22.20895, 3703, 1, 'M', 73, 0.71400),
(2823, 22.20895, 3703, 1, 'M', 74, 0.70380),
(2824, 22.20895, 3703, 1, 'M', 75, 0.69290),
(2825, 22.20895, 3703, 1, 'M', 76, 0.68130),
(2826, 22.20895, 3703, 1, 'M', 77, 0.66890),
(2827, 22.20895, 3703, 1, 'M', 78, 0.65590),
(2828, 22.20895, 3703, 1, 'M', 79, 0.64220),
(2829, 22.20895, 3703, 1, 'M', 80, 0.62770),
(2830, 22.20895, 3703, 1, 'M', 81, 0.61260),
(2831, 22.20895, 3703, 1, 'M', 82, 0.59680),
(2832, 22.20895, 3703, 1, 'M', 83, 0.58020),
(2833, 22.20895, 3703, 1, 'M', 84, 0.56300),
(2834, 22.20895, 3703, 1, 'M', 85, 0.54510),
(2835, 22.20895, 3703, 1, 'M', 86, 0.52650),
(2836, 22.20895, 3703, 1, 'M', 87, 0.50710),
(2837, 22.20895, 3703, 1, 'M', 88, 0.48710),
(2838, 22.20895, 3703, 1, 'M', 89, 0.46640),
(2839, 22.20895, 3703, 1, 'M', 90, 0.44490),
(2840, 22.20895, 3703, 1, 'M', 91, 0.42280),
(2841, 22.20895, 3703, 1, 'M', 92, 0.40000),
(2842, 22.20895, 3703, 1, 'M', 93, 0.37640),
(2843, 22.20895, 3703, 1, 'M', 94, 0.35220),
(2844, 22.20895, 3703, 1, 'M', 95, 0.32730),
(2845, 22.20895, 3703, 1, 'M', 96, 0.30170),
(2846, 22.20895, 3703, 1, 'M', 97, 0.27530),
(2847, 22.20895, 3703, 1, 'M', 98, 0.24830),
(2848, 22.20895, 3703, 1, 'M', 99, 0.22060),
(2849, 22.20895, 3703, 1, 'M', 100, 0.19210),
(2850, 8.85139, 1604, 1, 'F', 5, 0.69300),
(2851, 8.85139, 1604, 1, 'F', 6, 0.72630),
(2852, 8.85139, 1604, 1, 'F', 7, 0.75780),
(2853, 8.85139, 1604, 1, 'F', 8, 0.78740),
(2854, 8.85139, 1604, 1, 'F', 9, 0.81520),
(2855, 8.85139, 1604, 1, 'F', 10, 0.84130),
(2856, 8.85139, 1604, 1, 'F', 11, 0.86540),
(2857, 8.85139, 1604, 1, 'F', 12, 0.88780),
(2858, 8.85139, 1604, 1, 'F', 13, 0.90840),
(2859, 8.85139, 1604, 1, 'F', 14, 0.92710),
(2860, 8.85139, 1604, 1, 'F', 15, 0.94400),
(2861, 8.85139, 1604, 1, 'F', 16, 0.96000),
(2862, 8.85139, 1604, 1, 'F', 17, 0.97600),
(2863, 8.85139, 1604, 1, 'F', 18, 0.98930),
(2864, 8.85139, 1604, 1, 'F', 19, 0.99730),
(2865, 8.85139, 1604, 1, 'F', 20, 1.00000),
(2866, 8.85139, 1604, 1, 'F', 21, 1.00000),
(2867, 8.85139, 1604, 1, 'F', 22, 1.00000);
INSERT INTO `tblwma` (`WMAID`, `WMADistance`, `WMAWRTime`, `WMARoad`, `WMASex`, `WMAAge`, `WMAFactor`) VALUES
(2868, 8.85139, 1604, 1, 'F', 23, 1.00000),
(2869, 8.85139, 1604, 1, 'F', 24, 1.00000),
(2870, 8.85139, 1604, 1, 'F', 25, 1.00000),
(2871, 8.85139, 1604, 1, 'F', 26, 1.00000),
(2872, 8.85139, 1604, 1, 'F', 27, 1.00000),
(2873, 8.85139, 1604, 1, 'F', 28, 1.00000),
(2874, 8.85139, 1604, 1, 'F', 29, 1.00000),
(2875, 8.85139, 1604, 1, 'F', 30, 1.00000),
(2876, 8.85139, 1604, 1, 'F', 31, 0.99980),
(2877, 8.85139, 1604, 1, 'F', 32, 0.99900),
(2878, 8.85139, 1604, 1, 'F', 33, 0.99760),
(2879, 8.85139, 1604, 1, 'F', 34, 0.99560),
(2880, 8.85139, 1604, 1, 'F', 35, 0.99310),
(2881, 8.85139, 1604, 1, 'F', 36, 0.98990),
(2882, 8.85139, 1604, 1, 'F', 37, 0.98620),
(2883, 8.85139, 1604, 1, 'F', 38, 0.98190),
(2884, 8.85139, 1604, 1, 'F', 39, 0.97710),
(2885, 8.85139, 1604, 1, 'F', 40, 0.97170),
(2886, 8.85139, 1604, 1, 'F', 41, 0.96570),
(2887, 8.85139, 1604, 1, 'F', 42, 0.95900),
(2888, 8.85139, 1604, 1, 'F', 43, 0.95180),
(2889, 8.85139, 1604, 1, 'F', 44, 0.94410),
(2890, 8.85139, 1604, 1, 'F', 45, 0.93580),
(2891, 8.85139, 1604, 1, 'F', 46, 0.92690),
(2892, 8.85139, 1604, 1, 'F', 47, 0.91740),
(2893, 8.85139, 1604, 1, 'F', 48, 0.90730),
(2894, 8.85139, 1604, 1, 'F', 49, 0.89700),
(2895, 8.85139, 1604, 1, 'F', 50, 0.88660),
(2896, 8.85139, 1604, 1, 'F', 51, 0.87630),
(2897, 8.85139, 1604, 1, 'F', 52, 0.86590),
(2898, 8.85139, 1604, 1, 'F', 53, 0.85560),
(2899, 8.85139, 1604, 1, 'F', 54, 0.84520),
(2900, 8.85139, 1604, 1, 'F', 55, 0.83490),
(2901, 8.85139, 1604, 1, 'F', 56, 0.82450),
(2902, 8.85139, 1604, 1, 'F', 57, 0.81410),
(2903, 8.85139, 1604, 1, 'F', 58, 0.80380),
(2904, 8.85139, 1604, 1, 'F', 59, 0.79340),
(2905, 8.85139, 1604, 1, 'F', 60, 0.78310),
(2906, 8.85139, 1604, 1, 'F', 61, 0.77270),
(2907, 8.85139, 1604, 1, 'F', 62, 0.76240),
(2908, 8.85139, 1604, 1, 'F', 63, 0.75200),
(2909, 8.85139, 1604, 1, 'F', 64, 0.74160),
(2910, 8.85139, 1604, 1, 'F', 65, 0.73130),
(2911, 8.85139, 1604, 1, 'F', 66, 0.72090),
(2912, 8.85139, 1604, 1, 'F', 67, 0.71060),
(2913, 8.85139, 1604, 1, 'F', 68, 0.70020),
(2914, 8.85139, 1604, 1, 'F', 69, 0.68990),
(2915, 8.85139, 1604, 1, 'F', 70, 0.67950),
(2916, 8.85139, 1604, 1, 'F', 71, 0.66910),
(2917, 8.85139, 1604, 1, 'F', 72, 0.65880),
(2918, 8.85139, 1604, 1, 'F', 73, 0.64840),
(2919, 8.85139, 1604, 1, 'F', 74, 0.63810),
(2920, 8.85139, 1604, 1, 'F', 75, 0.62770),
(2921, 8.85139, 1604, 1, 'F', 76, 0.61740),
(2922, 8.85139, 1604, 1, 'F', 77, 0.60700),
(2923, 8.85139, 1604, 1, 'F', 78, 0.59670),
(2924, 8.85139, 1604, 1, 'F', 79, 0.58600),
(2925, 8.85139, 1604, 1, 'F', 80, 0.57430),
(2926, 8.85139, 1604, 1, 'F', 81, 0.56170),
(2927, 8.85139, 1604, 1, 'F', 82, 0.54810),
(2928, 8.85139, 1604, 1, 'F', 83, 0.53360),
(2929, 8.85139, 1604, 1, 'F', 84, 0.51820),
(2930, 8.85139, 1604, 1, 'F', 85, 0.50180),
(2931, 8.85139, 1604, 1, 'F', 86, 0.48440),
(2932, 8.85139, 1604, 1, 'F', 87, 0.46620),
(2933, 8.85139, 1604, 1, 'F', 88, 0.44700),
(2934, 8.85139, 1604, 1, 'F', 89, 0.42690),
(2935, 8.85139, 1604, 1, 'F', 90, 0.40580),
(2936, 8.85139, 1604, 1, 'F', 91, 0.38380),
(2937, 8.85139, 1604, 1, 'F', 92, 0.36080),
(2938, 8.85139, 1604, 1, 'F', 93, 0.33690),
(2939, 8.85139, 1604, 1, 'F', 94, 0.31210),
(2940, 8.85139, 1604, 1, 'F', 95, 0.28630),
(2941, 8.85139, 1604, 1, 'F', 96, 0.25960),
(2942, 8.85139, 1604, 1, 'F', 97, 0.23200),
(2943, 8.85139, 1604, 1, 'F', 98, 0.20330),
(2944, 8.85139, 1604, 1, 'F', 99, 0.17380),
(2945, 8.85139, 1604, 1, 'F', 100, 0.14330),
(2946, 22.20895, 4126, 1, 'F', 5, 0.61100),
(2947, 22.20895, 4126, 1, 'F', 6, 0.65360),
(2948, 22.20895, 4126, 1, 'F', 7, 0.69380),
(2949, 22.20895, 4126, 1, 'F', 8, 0.73140),
(2950, 22.20895, 4126, 1, 'F', 9, 0.76660),
(2951, 22.20895, 4126, 1, 'F', 10, 0.79920),
(2952, 22.20895, 4126, 1, 'F', 11, 0.82940),
(2953, 22.20895, 4126, 1, 'F', 12, 0.85710),
(2954, 22.20895, 4126, 1, 'F', 13, 0.88240),
(2955, 22.20895, 4126, 1, 'F', 14, 0.90510),
(2956, 22.20895, 4126, 1, 'F', 15, 0.92530),
(2957, 22.20895, 4126, 1, 'F', 16, 0.94430),
(2958, 22.20895, 4126, 1, 'F', 17, 0.96330),
(2959, 22.20895, 4126, 1, 'F', 18, 0.97830),
(2960, 22.20895, 4126, 1, 'F', 19, 0.98780),
(2961, 22.20895, 4126, 1, 'F', 20, 0.99460),
(2962, 22.20895, 4126, 1, 'F', 21, 0.99860),
(2963, 22.20895, 4126, 1, 'F', 22, 1.00000),
(2964, 22.20895, 4126, 1, 'F', 23, 1.00000),
(2965, 22.20895, 4126, 1, 'F', 24, 1.00000),
(2966, 22.20895, 4126, 1, 'F', 25, 1.00000),
(2967, 22.20895, 4126, 1, 'F', 26, 1.00000),
(2968, 22.20895, 4126, 1, 'F', 27, 1.00000),
(2969, 22.20895, 4126, 1, 'F', 28, 1.00000),
(2970, 22.20895, 4126, 1, 'F', 29, 1.00000),
(2971, 22.20895, 4126, 1, 'F', 30, 0.99970),
(2972, 22.20895, 4126, 1, 'F', 31, 0.99890),
(2973, 22.20895, 4126, 1, 'F', 32, 0.99750),
(2974, 22.20895, 4126, 1, 'F', 33, 0.99560),
(2975, 22.20895, 4126, 1, 'F', 34, 0.99310),
(2976, 22.20895, 4126, 1, 'F', 35, 0.99000),
(2977, 22.20895, 4126, 1, 'F', 36, 0.98640),
(2978, 22.20895, 4126, 1, 'F', 37, 0.98220),
(2979, 22.20895, 4126, 1, 'F', 38, 0.97750),
(2980, 22.20895, 4126, 1, 'F', 39, 0.97230),
(2981, 22.20895, 4126, 1, 'F', 40, 0.96650),
(2982, 22.20895, 4126, 1, 'F', 41, 0.96010),
(2983, 22.20895, 4126, 1, 'F', 42, 0.95320),
(2984, 22.20895, 4126, 1, 'F', 43, 0.94560),
(2985, 22.20895, 4126, 1, 'F', 44, 0.93760),
(2986, 22.20895, 4126, 1, 'F', 45, 0.92900),
(2987, 22.20895, 4126, 1, 'F', 46, 0.91980),
(2988, 22.20895, 4126, 1, 'F', 47, 0.91020),
(2989, 22.20895, 4126, 1, 'F', 48, 0.90000),
(2990, 22.20895, 4126, 1, 'F', 49, 0.88940),
(2991, 22.20895, 4126, 1, 'F', 50, 0.87890),
(2992, 22.20895, 4126, 1, 'F', 51, 0.86830),
(2993, 22.20895, 4126, 1, 'F', 52, 0.85780),
(2994, 22.20895, 4126, 1, 'F', 53, 0.84730),
(2995, 22.20895, 4126, 1, 'F', 54, 0.83680),
(2996, 22.20895, 4126, 1, 'F', 55, 0.82620),
(2997, 22.20895, 4126, 1, 'F', 56, 0.81570),
(2998, 22.20895, 4126, 1, 'F', 57, 0.80510),
(2999, 22.20895, 4126, 1, 'F', 58, 0.79460),
(3000, 22.20895, 4126, 1, 'F', 59, 0.78410),
(3001, 22.20895, 4126, 1, 'F', 60, 0.77350),
(3002, 22.20895, 4126, 1, 'F', 61, 0.76300),
(3003, 22.20895, 4126, 1, 'F', 62, 0.75250),
(3004, 22.20895, 4126, 1, 'F', 63, 0.74190),
(3005, 22.20895, 4126, 1, 'F', 64, 0.73140),
(3006, 22.20895, 4126, 1, 'F', 65, 0.72090),
(3007, 22.20895, 4126, 1, 'F', 66, 0.71030),
(3008, 22.20895, 4126, 1, 'F', 67, 0.69980),
(3009, 22.20895, 4126, 1, 'F', 68, 0.68920),
(3010, 22.20895, 4126, 1, 'F', 69, 0.67870),
(3011, 22.20895, 4126, 1, 'F', 70, 0.66820),
(3012, 22.20895, 4126, 1, 'F', 71, 0.65770),
(3013, 22.20895, 4126, 1, 'F', 72, 0.64710),
(3014, 22.20895, 4126, 1, 'F', 73, 0.63660),
(3015, 22.20895, 4126, 1, 'F', 74, 0.62600),
(3016, 22.20895, 4126, 1, 'F', 75, 0.61550),
(3017, 22.20895, 4126, 1, 'F', 76, 0.60450),
(3018, 22.20895, 4126, 1, 'F', 77, 0.59270),
(3019, 22.20895, 4126, 1, 'F', 78, 0.58030),
(3020, 22.20895, 4126, 1, 'F', 79, 0.56700),
(3021, 22.20895, 4126, 1, 'F', 80, 0.55300),
(3022, 22.20895, 4126, 1, 'F', 81, 0.53820),
(3023, 22.20895, 4126, 1, 'F', 82, 0.52260),
(3024, 22.20895, 4126, 1, 'F', 83, 0.50630),
(3025, 22.20895, 4126, 1, 'F', 84, 0.48930),
(3026, 22.20895, 4126, 1, 'F', 85, 0.47150),
(3027, 22.20895, 4126, 1, 'F', 86, 0.45290),
(3028, 22.20895, 4126, 1, 'F', 87, 0.43350),
(3029, 22.20895, 4126, 1, 'F', 88, 0.41340),
(3030, 22.20895, 4126, 1, 'F', 89, 0.39250),
(3031, 22.20895, 4126, 1, 'F', 90, 0.37090),
(3032, 22.20895, 4126, 1, 'F', 91, 0.34840),
(3033, 22.20895, 4126, 1, 'F', 92, 0.32520),
(3034, 22.20895, 4126, 1, 'F', 93, 0.30130),
(3035, 22.20895, 4126, 1, 'F', 94, 0.27660),
(3036, 22.20895, 4126, 1, 'F', 95, 0.25120),
(3037, 22.20895, 4126, 1, 'F', 96, 0.22490),
(3038, 22.20895, 4126, 1, 'F', 97, 0.19790),
(3039, 22.20895, 4126, 1, 'F', 98, 0.17020),
(3040, 22.20895, 4126, 1, 'F', 99, 0.14170),
(3041, 22.20895, 4126, 1, 'F', 100, 0.11240),
(3234, 8.52952, 1543, 1, 'F', 5, 0.69300),
(3235, 8.52952, 1543, 1, 'F', 6, 0.72630),
(3236, 8.52952, 1543, 1, 'F', 7, 0.75780),
(3237, 8.52952, 1543, 1, 'F', 8, 0.78740),
(3238, 8.52952, 1543, 1, 'F', 9, 0.81520),
(3239, 8.52952, 1543, 1, 'F', 10, 0.84130),
(3240, 8.52952, 1543, 1, 'F', 11, 0.86540),
(3241, 8.52952, 1543, 1, 'F', 12, 0.88780),
(3242, 8.52952, 1543, 1, 'F', 13, 0.90840),
(3243, 8.52952, 1543, 1, 'F', 14, 0.92710),
(3244, 8.52952, 1543, 1, 'F', 15, 0.94400),
(3245, 8.52952, 1543, 1, 'F', 16, 0.96000),
(3246, 8.52952, 1543, 1, 'F', 17, 0.97600),
(3247, 8.52952, 1543, 1, 'F', 18, 0.98930),
(3248, 8.52952, 1543, 1, 'F', 19, 0.99730),
(3249, 8.52952, 1543, 1, 'F', 20, 1.00000),
(3250, 8.52952, 1543, 1, 'F', 21, 1.00000),
(3251, 8.52952, 1543, 1, 'F', 22, 1.00000),
(3252, 8.52952, 1543, 1, 'F', 23, 1.00000),
(3253, 8.52952, 1543, 1, 'F', 24, 1.00000),
(3254, 8.52952, 1543, 1, 'F', 25, 1.00000),
(3255, 8.52952, 1543, 1, 'F', 26, 1.00000),
(3256, 8.52952, 1543, 1, 'F', 27, 1.00000),
(3257, 8.52952, 1543, 1, 'F', 28, 1.00000),
(3258, 8.52952, 1543, 1, 'F', 29, 1.00000),
(3259, 8.52952, 1543, 1, 'F', 30, 1.00000),
(3260, 8.52952, 1543, 1, 'F', 31, 0.99980),
(3261, 8.52952, 1543, 1, 'F', 32, 0.99900),
(3262, 8.52952, 1543, 1, 'F', 33, 0.99760),
(3263, 8.52952, 1543, 1, 'F', 34, 0.99560),
(3264, 8.52952, 1543, 1, 'F', 35, 0.99310),
(3265, 8.52952, 1543, 1, 'F', 36, 0.99000),
(3266, 8.52952, 1543, 1, 'F', 37, 0.98630),
(3267, 8.52952, 1543, 1, 'F', 38, 0.98200),
(3268, 8.52952, 1543, 1, 'F', 39, 0.97720),
(3269, 8.52952, 1543, 1, 'F', 40, 0.97180),
(3270, 8.52952, 1543, 1, 'F', 41, 0.96580),
(3271, 8.52952, 1543, 1, 'F', 42, 0.95920),
(3272, 8.52952, 1543, 1, 'F', 43, 0.95200),
(3273, 8.52952, 1543, 1, 'F', 44, 0.94440),
(3274, 8.52952, 1543, 1, 'F', 45, 0.93600),
(3275, 8.52952, 1543, 1, 'F', 46, 0.92720),
(3276, 8.52952, 1543, 1, 'F', 47, 0.91770),
(3277, 8.52952, 1543, 1, 'F', 48, 0.90770),
(3278, 8.52952, 1543, 1, 'F', 49, 0.89740),
(3279, 8.52952, 1543, 1, 'F', 50, 0.88700),
(3280, 8.52952, 1543, 1, 'F', 51, 0.87680),
(3281, 8.52952, 1543, 1, 'F', 52, 0.86640),
(3282, 8.52952, 1543, 1, 'F', 53, 0.85610),
(3283, 8.52952, 1543, 1, 'F', 54, 0.84580),
(3284, 8.52952, 1543, 1, 'F', 55, 0.83550),
(3285, 8.52952, 1543, 1, 'F', 56, 0.82520),
(3286, 8.52952, 1543, 1, 'F', 57, 0.81490),
(3287, 8.52952, 1543, 1, 'F', 58, 0.80450),
(3288, 8.52952, 1543, 1, 'F', 59, 0.79430),
(3289, 8.52952, 1543, 1, 'F', 60, 0.78390),
(3290, 8.52952, 1543, 1, 'F', 61, 0.77360),
(3291, 8.52952, 1543, 1, 'F', 62, 0.76330),
(3292, 8.52952, 1543, 1, 'F', 63, 0.75300),
(3293, 8.52952, 1543, 1, 'F', 64, 0.74270),
(3294, 8.52952, 1543, 1, 'F', 65, 0.73240),
(3295, 8.52952, 1543, 1, 'F', 66, 0.72200),
(3296, 8.52952, 1543, 1, 'F', 67, 0.71170),
(3297, 8.52952, 1543, 1, 'F', 68, 0.70140),
(3298, 8.52952, 1543, 1, 'F', 69, 0.69110),
(3299, 8.52952, 1543, 1, 'F', 70, 0.68080),
(3300, 8.52952, 1543, 1, 'F', 71, 0.67040),
(3301, 8.52952, 1543, 1, 'F', 72, 0.66020),
(3302, 8.52952, 1543, 1, 'F', 73, 0.64980),
(3303, 8.52952, 1543, 1, 'F', 74, 0.63950),
(3304, 8.52952, 1543, 1, 'F', 75, 0.62920),
(3305, 8.52952, 1543, 1, 'F', 76, 0.61890),
(3306, 8.52952, 1543, 1, 'F', 77, 0.60860),
(3307, 8.52952, 1543, 1, 'F', 78, 0.59830),
(3308, 8.52952, 1543, 1, 'F', 79, 0.58760),
(3309, 8.52952, 1543, 1, 'F', 80, 0.57600),
(3310, 8.52952, 1543, 1, 'F', 81, 0.56340),
(3311, 8.52952, 1543, 1, 'F', 82, 0.54990),
(3312, 8.52952, 1543, 1, 'F', 83, 0.53550),
(3313, 8.52952, 1543, 1, 'F', 84, 0.52010),
(3314, 8.52952, 1543, 1, 'F', 85, 0.50380),
(3315, 8.52952, 1543, 1, 'F', 86, 0.48650),
(3316, 8.52952, 1543, 1, 'F', 87, 0.46840),
(3317, 8.52952, 1543, 1, 'F', 88, 0.44920),
(3318, 8.52952, 1543, 1, 'F', 89, 0.42920),
(3319, 8.52952, 1543, 1, 'F', 90, 0.40810),
(3320, 8.52952, 1543, 1, 'F', 91, 0.38620),
(3321, 8.52952, 1543, 1, 'F', 92, 0.36330),
(3322, 8.52952, 1543, 1, 'F', 93, 0.33950),
(3323, 8.52952, 1543, 1, 'F', 94, 0.31470),
(3324, 8.52952, 1543, 1, 'F', 95, 0.28900),
(3325, 8.52952, 1543, 1, 'F', 96, 0.26230),
(3326, 8.52952, 1543, 1, 'F', 97, 0.23480),
(3327, 8.52952, 1543, 1, 'F', 98, 0.20620),
(3328, 8.52952, 1543, 1, 'F', 99, 0.17680),
(3329, 8.52952, 1543, 1, 'F', 100, 0.14640),
(3330, 8.52952, 1359, 1, 'M', 5, 0.60560),
(3331, 8.52952, 1359, 1, 'M', 6, 0.65960),
(3332, 8.52952, 1359, 1, 'M', 7, 0.70960),
(3333, 8.52952, 1359, 1, 'M', 8, 0.75560),
(3334, 8.52952, 1359, 1, 'M', 9, 0.79760),
(3335, 8.52952, 1359, 1, 'M', 10, 0.83560),
(3336, 8.52952, 1359, 1, 'M', 11, 0.86960),
(3337, 8.52952, 1359, 1, 'M', 12, 0.89960),
(3338, 8.52952, 1359, 1, 'M', 13, 0.92560),
(3339, 8.52952, 1359, 1, 'M', 14, 0.94760),
(3340, 8.52952, 1359, 1, 'M', 15, 0.96560),
(3341, 8.52952, 1359, 1, 'M', 16, 0.97960),
(3342, 8.52952, 1359, 1, 'M', 17, 0.99160),
(3343, 8.52952, 1359, 1, 'M', 18, 0.99930),
(3344, 8.52952, 1359, 1, 'M', 19, 1.00000),
(3345, 8.52952, 1359, 1, 'M', 20, 1.00000),
(3346, 8.52952, 1359, 1, 'M', 21, 1.00000),
(3347, 8.52952, 1359, 1, 'M', 22, 1.00000),
(3348, 8.52952, 1359, 1, 'M', 23, 1.00000),
(3349, 8.52952, 1359, 1, 'M', 24, 1.00000),
(3350, 8.52952, 1359, 1, 'M', 25, 1.00000),
(3351, 8.52952, 1359, 1, 'M', 26, 1.00000),
(3352, 8.52952, 1359, 1, 'M', 27, 1.00000),
(3353, 8.52952, 1359, 1, 'M', 28, 1.00000),
(3354, 8.52952, 1359, 1, 'M', 29, 1.00000),
(3355, 8.52952, 1359, 1, 'M', 30, 0.99970),
(3356, 8.52952, 1359, 1, 'M', 31, 0.99880),
(3357, 8.52952, 1359, 1, 'M', 32, 0.99730),
(3358, 8.52952, 1359, 1, 'M', 33, 0.99490),
(3359, 8.52952, 1359, 1, 'M', 34, 0.99200),
(3360, 8.52952, 1359, 1, 'M', 35, 0.98830),
(3361, 8.52952, 1359, 1, 'M', 36, 0.98400),
(3362, 8.52952, 1359, 1, 'M', 37, 0.97890),
(3363, 8.52952, 1359, 1, 'M', 38, 0.97320),
(3364, 8.52952, 1359, 1, 'M', 39, 0.96670),
(3365, 8.52952, 1359, 1, 'M', 40, 0.95960),
(3366, 8.52952, 1359, 1, 'M', 41, 0.95240),
(3367, 8.52952, 1359, 1, 'M', 42, 0.94510),
(3368, 8.52952, 1359, 1, 'M', 43, 0.93780),
(3369, 8.52952, 1359, 1, 'M', 44, 0.93050),
(3370, 8.52952, 1359, 1, 'M', 45, 0.92320),
(3371, 8.52952, 1359, 1, 'M', 46, 0.91590),
(3372, 8.52952, 1359, 1, 'M', 47, 0.90860),
(3373, 8.52952, 1359, 1, 'M', 48, 0.90140),
(3374, 8.52952, 1359, 1, 'M', 49, 0.89400),
(3375, 8.52952, 1359, 1, 'M', 50, 0.88670),
(3376, 8.52952, 1359, 1, 'M', 51, 0.87950),
(3377, 8.52952, 1359, 1, 'M', 52, 0.87210),
(3378, 8.52952, 1359, 1, 'M', 53, 0.86490),
(3379, 8.52952, 1359, 1, 'M', 54, 0.85750),
(3380, 8.52952, 1359, 1, 'M', 55, 0.85020),
(3381, 8.52952, 1359, 1, 'M', 56, 0.84300),
(3382, 8.52952, 1359, 1, 'M', 57, 0.83560),
(3383, 8.52952, 1359, 1, 'M', 58, 0.82840),
(3384, 8.52952, 1359, 1, 'M', 59, 0.82110),
(3385, 8.52952, 1359, 1, 'M', 60, 0.81370),
(3386, 8.52952, 1359, 1, 'M', 61, 0.80650),
(3387, 8.52952, 1359, 1, 'M', 62, 0.79920),
(3388, 8.52952, 1359, 1, 'M', 63, 0.79190),
(3389, 8.52952, 1359, 1, 'M', 64, 0.78460),
(3390, 8.52952, 1359, 1, 'M', 65, 0.77730),
(3391, 8.52952, 1359, 1, 'M', 66, 0.77000),
(3392, 8.52952, 1359, 1, 'M', 67, 0.76270),
(3393, 8.52952, 1359, 1, 'M', 68, 0.75550),
(3394, 8.52952, 1359, 1, 'M', 69, 0.74790),
(3395, 8.52952, 1359, 1, 'M', 70, 0.73990),
(3396, 8.52952, 1359, 1, 'M', 71, 0.73120),
(3397, 8.52952, 1359, 1, 'M', 72, 0.72180),
(3398, 8.52952, 1359, 1, 'M', 73, 0.71170),
(3399, 8.52952, 1359, 1, 'M', 74, 0.70100),
(3400, 8.52952, 1359, 1, 'M', 75, 0.68970),
(3401, 8.52952, 1359, 1, 'M', 76, 0.67770),
(3402, 8.52952, 1359, 1, 'M', 77, 0.66510),
(3403, 8.52952, 1359, 1, 'M', 78, 0.65180),
(3404, 8.52952, 1359, 1, 'M', 79, 0.63790),
(3405, 8.52952, 1359, 1, 'M', 80, 0.62330),
(3406, 8.52952, 1359, 1, 'M', 81, 0.60800),
(3407, 8.52952, 1359, 1, 'M', 82, 0.59220),
(3408, 8.52952, 1359, 1, 'M', 83, 0.57560),
(3409, 8.52952, 1359, 1, 'M', 84, 0.55850),
(3410, 8.52952, 1359, 1, 'M', 85, 0.54060),
(3411, 8.52952, 1359, 1, 'M', 86, 0.52210),
(3412, 8.52952, 1359, 1, 'M', 87, 0.50300),
(3413, 8.52952, 1359, 1, 'M', 88, 0.48320),
(3414, 8.52952, 1359, 1, 'M', 89, 0.46270),
(3415, 8.52952, 1359, 1, 'M', 90, 0.44160),
(3416, 8.52952, 1359, 1, 'M', 91, 0.41990),
(3417, 8.52952, 1359, 1, 'M', 92, 0.39750),
(3418, 8.52952, 1359, 1, 'M', 93, 0.37450),
(3419, 8.52952, 1359, 1, 'M', 94, 0.35070),
(3420, 8.52952, 1359, 1, 'M', 95, 0.32640),
(3421, 8.52952, 1359, 1, 'M', 96, 0.30140),
(3422, 8.52952, 1359, 1, 'M', 97, 0.27570),
(3423, 8.52952, 1359, 1, 'M', 98, 0.24940),
(3424, 8.52952, 1359, 1, 'M', 99, 0.22250),
(3425, 8.52952, 1359, 1, 'M', 100, 0.19490);

--
-- Indexes for dumped tables
--

--
-- Indexes for table `login`
--
ALTER TABLE `login`
  ADD PRIMARY KEY (`id`);

--
-- Indexes for table `tblopenchampionship`
--
ALTER TABLE `tblopenchampionship`
  ADD PRIMARY KEY (`openChampionshipID`);

--
-- Indexes for table `tblraces`
--
ALTER TABLE `tblraces`
  ADD PRIMARY KEY (`raceID`);

--
-- Indexes for table `tblrunners`
--
ALTER TABLE `tblrunners`
  ADD PRIMARY KEY (`RunnerID`);

--
-- Indexes for table `tblshortchampionship`
--
ALTER TABLE `tblshortchampionship`
  ADD PRIMARY KEY (`shortChampionshipID`);

--
-- Indexes for table `tblwma`
--
ALTER TABLE `tblwma`
  ADD PRIMARY KEY (`WMAID`);

--
-- AUTO_INCREMENT for dumped tables
--

--
-- AUTO_INCREMENT for table `login`
--
ALTER TABLE `login`
  MODIFY `id` int(10) NOT NULL AUTO_INCREMENT, AUTO_INCREMENT=3;
--
-- AUTO_INCREMENT for table `tblopenchampionship`
--
ALTER TABLE `tblopenchampionship`
  MODIFY `openChampionshipID` int(4) NOT NULL AUTO_INCREMENT, AUTO_INCREMENT=608;
--
-- AUTO_INCREMENT for table `tblraces`
--
ALTER TABLE `tblraces`
  MODIFY `raceID` int(4) NOT NULL AUTO_INCREMENT, AUTO_INCREMENT=32;
--
-- AUTO_INCREMENT for table `tblrunners`
--
ALTER TABLE `tblrunners`
  MODIFY `RunnerID` int(4) NOT NULL AUTO_INCREMENT, AUTO_INCREMENT=281;
--
-- AUTO_INCREMENT for table `tblshortchampionship`
--
ALTER TABLE `tblshortchampionship`
  MODIFY `shortChampionshipID` int(11) NOT NULL AUTO_INCREMENT, AUTO_INCREMENT=442;
--
-- AUTO_INCREMENT for table `tblwma`
--
ALTER TABLE `tblwma`
  MODIFY `WMAID` int(11) NOT NULL AUTO_INCREMENT, AUTO_INCREMENT=3426;COMMIT;
